campaign_id,goal,country,currency,launched_date,deadline_date,category,subcategory,campaign_duration_days,launch_year,launch_month,launch_weekday,success
0,8500.0,US,USD,2015-06-22,2015-07-23,film & video,television,31,2015,6,Monday,1
1,10275.0,US,USD,2017-01-31,2017-03-02,film & video,television,30,2017,1,Tuesday,1
2,500.0,GB,GBP,2016-02-05,2016-02-15,film & video,television,10,2016,2,Friday,1
3,10000.0,US,USD,2014-07-08,2014-08-07,film & video,television,30,2014,7,Tuesday,1
4,44000.0,US,USD,2015-11-19,2015-12-19,film & video,television,30,2015,11,Thursday,1
5,3999.0,US,USD,2016-07-12,2016-07-29,film & video,television,17,2016,7,Tuesday,1
6,8000.0,US,USD,2014-06-04,2014-06-14,film & video,television,10,2014,6,Wednesday,1
7,9000.0,US,USD,2016-05-26,2016-07-05,film & video,television,40,2016,5,Thursday,1
8,3500.0,US,USD,2016-04-08,2016-04-15,film & video,television,7,2016,4,Friday,1
9,500.0,US,USD,2016-03-18,2016-04-17,film & video,television,30,2016,3,Friday,1
10,3000.0,US,USD,2014-05-21,2014-06-25,film & video,television,35,2014,5,Wednesday,1
11,5000.0,US,USD,2016-07-21,2016-08-22,film & video,television,32,2016,7,Thursday,1
12,30000.0,US,USD,2014-06-01,2014-07-16,film & video,television,45,2014,6,Sunday,1
13,3500.0,US,USD,2016-05-18,2016-06-23,film & video,television,36,2016,5,Wednesday,1
14,6000.0,AU,AUD,2014-06-18,2014-07-13,film & video,television,25,2014,6,Wednesday,1
15,2000.0,ES,EUR,2015-09-09,2015-09-27,film & video,television,18,2015,9,Wednesday,1
16,12000.0,US,USD,2014-05-01,2014-06-16,film & video,television,46,2014,5,Thursday,1
17,1500.0,GB,GBP,2014-10-05,2014-11-04,film & video,television,30,2014,10,Sunday,1
18,30000.0,US,USD,2014-08-18,2014-09-17,film & video,television,30,2014,8,Monday,1
19,850.0,US,USD,2015-06-20,2015-07-20,film & video,television,30,2015,6,Saturday,1
20,2000.0,US,USD,2015-07-15,2015-09-13,film & video,television,60,2015,7,Wednesday,1
21,18500.0,US,USD,2014-08-27,2014-09-26,film & video,television,30,2014,8,Wednesday,1
22,350.0,US,USD,2014-12-16,2015-01-01,film & video,television,16,2014,12,Tuesday,1
23,2000.0,US,USD,2015-04-03,2015-04-30,film & video,television,27,2015,4,Friday,1
24,35000.0,US,USD,2015-08-13,2015-09-15,film & video,television,33,2015,8,Thursday,1
25,600.0,US,USD,2015-11-10,2016-01-09,film & video,television,60,2015,11,Tuesday,1
26,1250.0,US,USD,2014-07-08,2014-08-17,film & video,television,40,2014,7,Tuesday,1
27,20000.0,NZ,NZD,2014-10-17,2014-11-16,film & video,television,30,2014,10,Friday,1
28,12000.0,US,USD,2015-11-16,2015-12-16,film & video,television,30,2015,11,Monday,1
29,3000.0,GB,GBP,2014-06-22,2014-07-22,film & video,television,30,2014,6,Sunday,1
30,4000.0,US,USD,2014-07-22,2014-08-21,film & video,television,30,2014,7,Tuesday,1
31,13.0,US,USD,2016-01-07,2016-01-25,film & video,television,18,2016,1,Thursday,1
32,28450.0,US,USD,2016-04-01,2016-05-13,film & video,television,42,2016,4,Friday,1
33,5250.0,US,USD,2015-10-09,2015-11-08,film & video,television,30,2015,10,Friday,1
34,2600.0,US,USD,2014-07-21,2014-08-05,film & video,television,15,2014,7,Monday,1
35,1000.0,US,USD,2015-04-04,2015-04-28,film & video,television,24,2015,4,Saturday,1
36,6000.0,US,USD,2015-03-05,2015-04-04,film & video,television,30,2015,3,Thursday,1
37,22000.0,US,USD,2015-01-28,2015-02-27,film & video,television,30,2015,1,Wednesday,1
38,2500.0,US,USD,2013-04-11,2013-05-11,film & video,television,30,2013,4,Thursday,1
39,25000.0,GB,GBP,2014-04-25,2014-05-25,film & video,television,30,2014,4,Friday,1
40,2000.0,US,USD,2014-05-30,2014-06-19,film & video,television,20,2014,5,Friday,1
41,2000.0,US,USD,2014-09-05,2014-10-05,film & video,television,30,2014,9,Friday,1
42,14000.0,US,USD,2014-11-28,2014-12-28,film & video,television,30,2014,11,Friday,1
43,10000.0,US,USD,2014-06-12,2014-07-13,film & video,television,31,2014,6,Thursday,1
44,2000.0,US,USD,2014-08-23,2014-10-07,film & video,television,45,2014,8,Saturday,1
45,5000.0,US,USD,2016-03-28,2016-04-27,film & video,television,30,2016,3,Monday,1
46,8400.0,AU,AUD,2015-11-15,2015-12-15,film & video,television,30,2015,11,Sunday,1
47,5000.0,US,USD,2014-10-20,2014-12-19,film & video,television,60,2014,10,Monday,1
48,2000.0,GB,GBP,2015-01-29,2015-03-01,film & video,television,31,2015,1,Thursday,1
49,12000.0,US,USD,2015-09-24,2015-10-24,film & video,television,30,2015,9,Thursday,1
50,600.0,GB,GBP,2014-12-22,2015-01-30,film & video,television,39,2014,12,Monday,1
51,11000.0,US,USD,2015-07-11,2015-08-10,film & video,television,30,2015,7,Saturday,1
52,10000.0,US,USD,2014-06-17,2014-07-17,film & video,television,30,2014,6,Tuesday,1
53,3000.0,US,USD,2014-03-21,2014-04-04,film & video,television,14,2014,3,Friday,1
54,10000.0,US,USD,2015-11-25,2015-12-25,film & video,television,30,2015,11,Wednesday,1
55,8600.0,US,USD,2016-05-06,2016-05-27,film & video,television,21,2016,5,Friday,1
56,8000.0,GB,GBP,2015-05-25,2015-06-08,film & video,television,14,2015,5,Monday,1
57,15000.0,US,USD,2015-03-26,2015-04-25,film & video,television,30,2015,3,Thursday,1
58,10000.0,US,USD,2014-10-20,2014-11-19,film & video,television,30,2014,10,Monday,1
59,20000.0,US,USD,2015-08-14,2015-09-14,film & video,television,31,2015,8,Friday,1
60,4500.0,GB,GBP,2014-03-03,2014-03-23,film & video,shorts,20,2014,3,Monday,1
61,5000.0,US,USD,2013-05-15,2013-06-06,film & video,shorts,22,2013,5,Wednesday,1
62,3000.0,US,USD,2013-02-06,2013-03-03,film & video,shorts,25,2013,2,Wednesday,1
63,2000.0,US,USD,2013-12-04,2013-12-28,film & video,shorts,24,2013,12,Wednesday,1
64,1200.0,US,USD,2013-06-08,2013-07-08,film & video,shorts,30,2013,6,Saturday,1
65,7000.0,CA,CAD,2014-07-15,2014-08-11,film & video,shorts,27,2014,7,Tuesday,1
66,2000.0,US,USD,2016-06-18,2016-07-18,film & video,shorts,30,2016,6,Saturday,1
67,2000.0,US,USD,2012-06-15,2012-07-15,film & video,shorts,30,2012,6,Friday,1
68,600.0,GB,GBP,2014-01-24,2014-02-23,film & video,shorts,30,2014,1,Friday,1
69,10000.0,US,USD,2011-08-31,2011-10-02,film & video,shorts,32,2011,8,Wednesday,1
70,500.0,US,USD,2011-07-06,2011-09-04,film & video,shorts,60,2011,7,Wednesday,1
71,1800.0,US,USD,2012-03-29,2012-05-28,film & video,shorts,60,2012,3,Thursday,1
72,2200.0,US,USD,2012-10-26,2012-11-15,film & video,shorts,20,2012,10,Friday,1
73,900.0,US,USD,2011-02-13,2011-05-03,film & video,shorts,79,2011,2,Sunday,1
74,500.0,FR,EUR,2015-12-22,2016-01-21,film & video,shorts,30,2015,12,Tuesday,1
75,3500.0,US,USD,2013-03-24,2013-04-23,film & video,shorts,30,2013,3,Sunday,1
76,300.0,US,USD,2011-10-28,2011-12-27,film & video,shorts,60,2011,10,Friday,1
77,400.0,US,USD,2012-03-29,2012-05-21,film & video,shorts,53,2012,3,Thursday,1
78,50.0,FR,EUR,2016-08-22,2016-09-01,film & video,shorts,10,2016,8,Monday,1
79,1300.0,GB,GBP,2014-03-26,2014-04-25,film & video,shorts,30,2014,3,Wednesday,1
80,12000.0,US,USD,2013-11-05,2013-12-10,film & video,shorts,35,2013,11,Tuesday,1
81,750.0,US,USD,2012-07-10,2012-07-14,film & video,shorts,4,2012,7,Tuesday,1
82,4000.0,US,USD,2011-09-09,2011-10-09,film & video,shorts,30,2011,9,Friday,1
83,200.0,GB,GBP,2015-02-07,2015-02-22,film & video,shorts,15,2015,2,Saturday,1
84,500.0,US,USD,2011-04-15,2011-05-15,film & video,shorts,30,2011,4,Friday,1
85,1200.0,US,USD,2011-08-24,2011-09-23,film & video,shorts,30,2011,8,Wednesday,1
86,6000.0,FR,EUR,2015-10-14,2015-12-27,film & video,shorts,74,2015,10,Wednesday,1
87,2500.0,US,USD,2010-05-24,2010-06-03,film & video,shorts,10,2010,5,Monday,1
88,3500.0,US,USD,2014-05-27,2014-06-22,film & video,shorts,26,2014,5,Tuesday,1
89,6000.0,US,USD,2013-05-08,2013-06-02,film & video,shorts,25,2013,5,Wednesday,1
90,500.0,US,USD,2011-06-12,2011-07-12,film & video,shorts,30,2011,6,Sunday,1
91,3000.0,US,USD,2011-03-17,2011-05-17,film & video,shorts,61,2011,3,Thursday,1
92,5000.0,CA,CAD,2016-12-17,2017-02-01,film & video,shorts,46,2016,12,Saturday,1
93,1000.0,US,USD,2012-06-05,2012-07-03,film & video,shorts,28,2012,6,Tuesday,1
94,250.0,GB,GBP,2014-03-18,2014-04-07,film & video,shorts,20,2014,3,Tuesday,1
95,350.0,US,USD,2012-01-27,2012-02-26,film & video,shorts,30,2012,1,Friday,1
96,1500.0,US,USD,2010-05-26,2010-08-01,film & video,shorts,67,2010,5,Wednesday,1
97,400.0,US,USD,2011-06-12,2011-07-12,film & video,shorts,30,2011,6,Sunday,1
98,3200.0,US,USD,2012-11-01,2012-12-07,film & video,shorts,36,2012,11,Thursday,1
99,1500.0,US,USD,2013-12-23,2014-01-22,film & video,shorts,30,2013,12,Monday,1
100,5000.0,US,USD,2012-10-15,2012-11-04,film & video,shorts,20,2012,10,Monday,1
101,3500.0,US,USD,2012-12-31,2013-01-24,film & video,shorts,24,2012,12,Monday,1
102,6000.0,US,USD,2010-11-23,2010-12-23,film & video,shorts,30,2010,11,Tuesday,1
103,1300.0,GB,GBP,2014-02-12,2014-03-07,film & video,shorts,23,2014,2,Wednesday,1
104,500.0,US,USD,2011-03-10,2011-04-03,film & video,shorts,24,2011,3,Thursday,1
105,2200.0,US,USD,2016-04-25,2016-05-14,film & video,shorts,19,2016,4,Monday,1
106,5000.0,US,USD,2012-03-19,2012-04-02,film & video,shorts,14,2012,3,Monday,1
107,7500.0,US,USD,2011-04-02,2011-04-24,film & video,shorts,22,2011,4,Saturday,1
108,1500.0,US,USD,2013-04-01,2013-05-31,film & video,shorts,60,2013,4,Monday,1
109,1000.0,US,USD,2011-01-27,2011-02-26,film & video,shorts,30,2011,1,Thursday,1
110,1300.0,US,USD,2013-10-10,2013-11-14,film & video,shorts,35,2013,10,Thursday,1
111,3500.0,AU,AUD,2015-05-01,2015-05-31,film & video,shorts,30,2015,5,Friday,1
112,5000.0,US,USD,2014-03-20,2014-04-13,film & video,shorts,24,2014,3,Thursday,1
113,5000.0,US,USD,2011-07-29,2011-08-06,film & video,shorts,8,2011,7,Friday,1
114,3000.0,US,USD,2011-11-14,2012-01-13,film & video,shorts,60,2011,11,Monday,1
115,450.0,US,USD,2012-01-10,2012-02-04,film & video,shorts,25,2012,1,Tuesday,1
116,3500.0,US,USD,2011-02-21,2011-04-08,film & video,shorts,46,2011,2,Monday,1
117,4500.0,US,USD,2010-03-11,2010-06-09,film & video,shorts,90,2010,3,Thursday,1
118,5000.0,US,USD,2011-06-29,2011-07-29,film & video,shorts,30,2011,6,Wednesday,1
119,3250.0,US,USD,2011-07-15,2011-08-13,film & video,shorts,29,2011,7,Friday,1
160,5000.0,US,USD,2015-06-16,2015-08-15,film & video,drama,60,2015,6,Tuesday,0
161,50000.0,US,USD,2014-06-02,2014-07-02,film & video,drama,30,2014,6,Monday,0
162,2800.0,US,USD,2014-07-15,2014-08-16,film & video,drama,32,2014,7,Tuesday,0
163,2000000.0,US,USD,2015-08-27,2015-10-01,film & video,drama,35,2015,8,Thursday,0
164,120000.0,US,USD,2014-07-21,2014-09-19,film & video,drama,60,2014,7,Monday,0
165,17000.0,GB,GBP,2015-12-13,2016-01-12,film & video,drama,30,2015,12,Sunday,0
166,5000.0,US,USD,2016-12-17,2017-01-16,film & video,drama,30,2016,12,Saturday,0
167,110000.0,US,USD,2015-06-05,2015-08-04,film & video,drama,60,2015,6,Friday,0
168,8000.0,US,USD,2015-02-17,2015-03-19,film & video,drama,30,2015,2,Tuesday,0
169,2500.0,GB,GBP,2014-09-18,2014-10-18,film & video,drama,30,2014,9,Thursday,0
170,10000.0,US,USD,2015-07-31,2015-08-30,film & video,drama,30,2015,7,Friday,0
171,50000.0,US,USD,2016-06-13,2016-08-12,film & video,drama,60,2016,6,Monday,0
172,95000.0,US,USD,2015-02-12,2015-03-19,film & video,drama,35,2015,2,Thursday,0
173,1110.0,GB,GBP,2015-01-29,2015-02-28,film & video,drama,30,2015,1,Thursday,0
174,6000.0,NL,EUR,2015-03-09,2015-05-08,film & video,drama,60,2015,3,Monday,0
175,20000.0,GB,GBP,2014-08-04,2014-08-29,film & video,drama,25,2014,8,Monday,0
176,1500.0,US,USD,2015-07-06,2015-08-05,film & video,drama,30,2015,7,Monday,0
177,450.0,US,USD,2015-03-07,2015-03-24,film & video,drama,17,2015,3,Saturday,0
178,500000.0,ES,EUR,2015-10-27,2015-11-26,film & video,drama,30,2015,10,Tuesday,0
179,1000.0,US,USD,2016-02-03,2016-03-04,film & video,drama,30,2016,2,Wednesday,0
180,1200.0,GB,GBP,2015-03-04,2015-04-13,film & video,drama,40,2015,3,Wednesday,0
181,3423.0,GB,GBP,2015-05-23,2015-06-22,film & video,drama,30,2015,5,Saturday,0
182,1000.0,US,USD,2016-12-08,2017-01-07,film & video,drama,30,2016,12,Thursday,0
183,12500.0,GB,GBP,2014-10-27,2014-11-26,film & video,drama,30,2014,10,Monday,0
184,1500.0,CA,CAD,2014-07-05,2014-09-01,film & video,drama,58,2014,7,Saturday,0
185,40000.0,NO,NOK,2016-07-19,2016-08-18,film & video,drama,30,2016,7,Tuesday,0
186,5000.0,US,USD,2017-02-01,2017-03-03,film & video,drama,30,2017,2,Wednesday,0
187,5000.0,US,USD,2015-06-27,2015-07-21,film & video,drama,24,2015,6,Saturday,0
188,1500.0,US,USD,2014-08-06,2014-09-05,film & video,drama,30,2014,8,Wednesday,0
189,500000.0,US,USD,2016-07-05,2016-09-03,film & video,drama,60,2016,7,Tuesday,0
190,12000.0,US,USD,2016-06-06,2016-06-16,film & video,drama,10,2016,6,Monday,0
191,5000.0,AU,AUD,2015-08-23,2015-10-02,film & video,drama,40,2015,8,Sunday,0
192,1000000.0,US,USD,2014-09-17,2014-10-17,film & video,drama,30,2014,9,Wednesday,0
193,1000.0,GB,GBP,2014-09-29,2014-11-28,film & video,drama,60,2014,9,Monday,0
194,2500.0,GB,GBP,2016-01-06,2016-03-06,film & video,drama,60,2016,1,Wednesday,0
195,2000000.0,US,USD,2015-05-11,2015-07-10,film & video,drama,60,2015,5,Monday,0
196,3500.0,GB,GBP,2015-09-12,2015-10-10,film & video,drama,28,2015,9,Saturday,0
197,2500.0,GB,GBP,2017-01-06,2017-02-17,film & video,drama,42,2017,1,Friday,0
198,25000.0,US,USD,2014-09-05,2014-10-05,film & video,drama,30,2014,9,Friday,0
199,10000.0,US,USD,2016-08-02,2016-09-01,film & video,drama,30,2016,8,Tuesday,0
200,6000.0,US,USD,2014-08-16,2014-09-15,film & video,drama,30,2014,8,Saturday,0
201,650.0,US,USD,2015-01-19,2015-02-08,film & video,drama,20,2015,1,Monday,0
202,6000.0,US,USD,2015-09-08,2015-10-08,film & video,drama,30,2015,9,Tuesday,0
203,2500.0,GB,GBP,2014-11-30,2015-01-29,film & video,drama,60,2014,11,Sunday,0
204,300000.0,AU,AUD,2016-07-05,2016-08-04,film & video,drama,30,2016,7,Tuesday,0
205,8000.0,US,USD,2015-09-01,2015-10-06,film & video,drama,35,2015,9,Tuesday,0
206,12700.0,US,USD,2016-07-16,2016-08-06,film & video,drama,21,2016,7,Saturday,0
207,14000.0,CA,CAD,2014-12-05,2015-01-04,film & video,drama,30,2014,12,Friday,0
208,50000.0,AU,AUD,2014-11-16,2014-12-16,film & video,drama,30,2014,11,Sunday,0
209,25000.0,US,USD,2015-06-10,2015-07-10,film & video,drama,30,2015,6,Wednesday,0
210,12000.0,US,USD,2015-09-02,2015-10-01,film & video,drama,29,2015,9,Wednesday,0
211,5000.0,US,USD,2015-08-20,2015-09-19,film & video,drama,30,2015,8,Thursday,0
212,6300.0,US,USD,2016-02-16,2016-04-16,film & video,drama,60,2016,2,Tuesday,0
213,50000.0,US,USD,2015-07-17,2015-08-16,film & video,drama,30,2015,7,Friday,0
214,12500.0,US,USD,2015-01-05,2015-03-06,film & video,drama,60,2015,1,Monday,0
215,4400.0,GB,GBP,2016-01-06,2016-02-17,film & video,drama,42,2016,1,Wednesday,0
216,50000.0,US,USD,2015-03-03,2015-04-22,film & video,drama,50,2015,3,Tuesday,0
217,100000.0,SE,SEK,2014-11-27,2014-12-28,film & video,drama,31,2014,11,Thursday,0
218,5000.0,US,USD,2015-03-16,2015-05-15,film & video,drama,60,2015,3,Monday,0
219,50000.0,US,USD,2016-02-29,2016-04-01,film & video,drama,32,2016,2,Monday,0
220,50000.0,US,USD,2015-07-10,2015-08-20,film & video,drama,41,2015,7,Friday,0
221,50000.0,US,USD,2015-01-27,2015-03-28,film & video,drama,60,2015,1,Tuesday,0
222,1000.0,US,USD,2015-01-27,2015-03-27,film & video,drama,59,2015,1,Tuesday,0
223,1500000.0,US,USD,2016-04-22,2016-05-22,film & video,drama,30,2016,4,Friday,0
224,6000000.0,AU,AUD,2015-05-11,2015-07-10,film & video,drama,60,2015,5,Monday,0
225,200.0,US,USD,2016-03-09,2016-04-08,film & video,drama,30,2016,3,Wednesday,0
226,29000.0,GB,GBP,2015-04-12,2015-05-31,film & video,drama,49,2015,4,Sunday,0
227,28000.0,US,USD,2015-06-09,2015-07-09,film & video,drama,30,2015,6,Tuesday,0
228,8000.0,GB,GBP,2015-04-02,2015-06-01,film & video,drama,60,2015,4,Thursday,0
229,3000.0,DE,EUR,2016-01-14,2016-02-13,film & video,drama,30,2016,1,Thursday,0
230,15000.0,US,USD,2015-05-05,2015-06-04,film & video,drama,30,2015,5,Tuesday,0
231,1500000.0,US,USD,2015-12-03,2016-01-02,film & video,drama,30,2015,12,Thursday,0
232,4000.0,GB,GBP,2015-01-28,2015-02-27,film & video,drama,30,2015,1,Wednesday,0
233,350000.0,US,USD,2016-08-30,2016-09-29,film & video,drama,30,2016,8,Tuesday,0
234,1000.0,US,USD,2015-05-12,2015-06-21,film & video,drama,40,2015,5,Tuesday,0
235,10000.0,US,USD,2015-06-09,2015-07-09,film & video,drama,30,2015,6,Tuesday,0
236,150000.0,US,USD,2015-11-13,2016-01-05,film & video,drama,53,2015,11,Friday,0
237,15000.0,US,USD,2016-01-08,2016-03-08,film & video,drama,60,2016,1,Friday,0
238,26000.0,US,USD,2016-12-09,2016-12-30,film & video,drama,21,2016,12,Friday,0
239,1000.0,AU,AUD,2015-10-20,2015-11-08,film & video,drama,19,2015,10,Tuesday,0
240,15000.0,US,USD,2013-03-21,2013-05-05,film & video,documentary,45,2013,3,Thursday,1
241,36400.0,US,USD,2014-11-06,2014-12-21,film & video,documentary,45,2014,11,Thursday,1
242,13000.0,US,USD,2011-11-15,2011-12-20,film & video,documentary,35,2011,11,Tuesday,1
243,25000.0,US,USD,2014-01-23,2014-02-22,film & video,documentary,30,2014,1,Thursday,1
244,3500.0,US,USD,2010-02-04,2010-03-16,film & video,documentary,40,2010,2,Thursday,1
245,5000.0,US,USD,2012-07-17,2012-08-16,film & video,documentary,30,2012,7,Tuesday,1
246,5000.0,US,USD,2010-10-29,2010-12-18,film & video,documentary,50,2010,10,Friday,1
247,5000.0,US,USD,2010-09-09,2010-10-16,film & video,documentary,37,2010,9,Thursday,1
248,85000.0,US,USD,2011-11-23,2012-01-07,film & video,documentary,45,2011,11,Wednesday,1
249,10000.0,US,USD,2010-06-03,2010-08-22,film & video,documentary,80,2010,6,Thursday,1
250,30000.0,US,USD,2013-05-07,2013-06-06,film & video,documentary,30,2013,5,Tuesday,1
251,3500.0,US,USD,2012-04-14,2012-05-16,film & video,documentary,32,2012,4,Saturday,1
252,5000.0,US,USD,2010-03-29,2010-06-01,film & video,documentary,64,2010,3,Monday,1
253,1500.0,US,USD,2012-01-16,2012-02-15,film & video,documentary,30,2012,1,Monday,1
254,24000.0,US,USD,2015-09-16,2015-10-17,film & video,documentary,31,2015,9,Wednesday,1
255,8000.0,US,USD,2011-02-14,2011-03-16,film & video,documentary,30,2011,2,Monday,1
256,13000.0,US,USD,2013-02-14,2013-03-16,film & video,documentary,30,2013,2,Thursday,1
257,35000.0,US,USD,2016-04-19,2016-05-19,film & video,documentary,30,2016,4,Tuesday,1
258,30000.0,US,USD,2011-05-19,2011-06-18,film & video,documentary,30,2011,5,Thursday,1
259,75000.0,US,USD,2015-03-09,2015-04-08,film & video,documentary,30,2015,3,Monday,1
260,10000.0,US,USD,2010-06-01,2010-07-17,film & video,documentary,46,2010,6,Tuesday,1
261,20000.0,US,USD,2012-04-18,2012-06-07,film & video,documentary,50,2012,4,Wednesday,1
262,2500.0,US,USD,2011-01-12,2011-02-26,film & video,documentary,45,2011,1,Wednesday,1
263,25000.0,US,USD,2012-08-28,2012-09-27,film & video,documentary,30,2012,8,Tuesday,1
264,5000.0,US,USD,2012-04-11,2012-05-11,film & video,documentary,30,2012,4,Wednesday,1
265,5000.0,US,USD,2010-03-30,2010-05-10,film & video,documentary,41,2010,3,Tuesday,1
266,1000.0,US,USD,2010-01-27,2010-04-23,film & video,documentary,86,2010,1,Wednesday,1
267,9850.0,GB,GBP,2014-05-26,2014-06-25,film & video,documentary,30,2014,5,Monday,1
268,5000.0,US,USD,2011-09-23,2011-11-07,film & video,documentary,45,2011,9,Friday,1
269,100000.0,AU,AUD,2017-01-23,2017-02-22,film & video,documentary,30,2017,1,Monday,1
270,2300.0,US,USD,2011-04-04,2011-05-25,film & video,documentary,51,2011,4,Monday,1
271,30000.0,US,USD,2013-12-04,2014-01-02,film & video,documentary,29,2013,12,Wednesday,1
272,3000.0,US,USD,2010-02-26,2010-04-28,film & video,documentary,61,2010,2,Friday,1
273,5000.0,US,USD,2011-06-03,2011-07-03,film & video,documentary,30,2011,6,Friday,1
274,4000.0,US,USD,2012-03-01,2012-04-05,film & video,documentary,35,2012,3,Thursday,1
275,20000.0,US,USD,2012-10-11,2012-11-10,film & video,documentary,30,2012,10,Thursday,1
276,4000.0,US,USD,2012-02-28,2012-04-28,film & video,documentary,60,2012,2,Tuesday,1
277,65000.0,US,USD,2015-04-23,2015-05-23,film & video,documentary,30,2015,4,Thursday,1
278,27000.0,US,USD,2012-09-12,2012-10-12,film & video,documentary,30,2012,9,Wednesday,1
279,17000.0,US,USD,2017-01-24,2017-02-27,film & video,documentary,34,2017,1,Tuesday,1
280,75000.0,US,USD,2014-04-15,2014-05-30,film & video,documentary,45,2014,4,Tuesday,1
281,5500.0,US,USD,2009-05-17,2009-08-10,film & video,documentary,85,2009,5,Sunday,1
282,45000.0,US,USD,2010-01-16,2010-02-22,film & video,documentary,37,2010,1,Saturday,1
283,18000.0,US,USD,2011-05-12,2011-06-01,film & video,documentary,20,2011,5,Thursday,1
284,40000.0,US,USD,2011-12-27,2012-01-21,film & video,documentary,25,2011,12,Tuesday,1
285,14000.0,US,USD,2013-08-20,2013-09-19,film & video,documentary,30,2013,8,Tuesday,1
286,15000.0,US,USD,2013-02-08,2013-03-25,film & video,documentary,45,2013,2,Friday,1
287,15000.0,US,USD,2012-10-02,2012-11-02,film & video,documentary,31,2012,10,Tuesday,1
288,50000.0,US,USD,2012-05-22,2012-06-26,film & video,documentary,35,2012,5,Tuesday,1
289,15000.0,GB,GBP,2013-10-03,2013-11-02,film & video,documentary,30,2013,10,Thursday,1
290,4500.0,US,USD,2010-12-14,2011-02-02,film & video,documentary,50,2010,12,Tuesday,1
291,5000.0,US,USD,2013-04-12,2013-05-01,film & video,documentary,19,2013,4,Friday,1
292,75000.0,US,USD,2011-09-26,2011-10-29,film & video,documentary,33,2011,9,Monday,1
293,26000.0,US,USD,2014-03-21,2014-04-20,film & video,documentary,30,2014,3,Friday,1
294,5000.0,US,USD,2010-06-14,2010-07-19,film & video,documentary,35,2010,6,Monday,1
295,50000.0,US,USD,2013-09-02,2013-11-01,film & video,documentary,60,2013,9,Monday,1
296,25000.0,US,USD,2012-08-13,2012-09-07,film & video,documentary,25,2012,8,Monday,1
297,20000.0,US,USD,2015-03-26,2015-05-01,film & video,documentary,36,2015,3,Thursday,1
298,126000.0,US,USD,2014-03-11,2014-05-09,film & video,documentary,59,2014,3,Tuesday,1
299,10000.0,US,USD,2010-10-18,2010-11-17,film & video,documentary,30,2010,10,Monday,1
300,25000.0,US,USD,2011-03-24,2011-04-24,film & video,documentary,31,2011,3,Thursday,1
301,13000.0,US,USD,2013-02-07,2013-03-19,film & video,documentary,40,2013,2,Thursday,1
302,10000.0,US,USD,2012-01-25,2012-02-24,film & video,documentary,30,2012,1,Wednesday,1
303,3000.0,US,USD,2012-05-03,2012-06-02,film & video,documentary,30,2012,5,Thursday,1
304,3400.0,US,USD,2012-07-24,2012-09-01,film & video,documentary,39,2012,7,Tuesday,1
305,7500.0,US,USD,2012-02-09,2012-03-10,film & video,documentary,30,2012,2,Thursday,1
306,1000.0,US,USD,2013-02-28,2013-03-20,film & video,documentary,20,2013,2,Thursday,1
307,22000.0,US,USD,2013-01-08,2013-02-07,film & video,documentary,30,2013,1,Tuesday,1
308,12000.0,US,USD,2011-01-24,2011-03-10,film & video,documentary,45,2011,1,Monday,1
309,18000.0,US,USD,2012-08-13,2012-09-03,film & video,documentary,21,2012,8,Monday,1
310,1000.0,US,USD,2011-10-05,2011-10-20,film & video,documentary,15,2011,10,Wednesday,1
311,20000.0,US,USD,2011-11-21,2012-01-01,film & video,documentary,41,2011,11,Monday,1
312,8000.0,US,USD,2013-03-15,2013-04-14,film & video,documentary,30,2013,3,Friday,1
313,17000.0,US,USD,2010-06-28,2010-08-11,film & video,documentary,44,2010,6,Monday,1
314,1000.0,US,USD,2013-01-30,2013-03-01,film & video,documentary,30,2013,1,Wednesday,1
315,25000.0,US,USD,2012-07-23,2012-08-22,film & video,documentary,30,2012,7,Monday,1
316,15000.0,CA,CAD,2014-11-07,2014-12-11,film & video,documentary,34,2014,11,Friday,1
317,30000.0,US,USD,2013-11-11,2013-12-11,film & video,documentary,30,2013,11,Monday,1
318,5000.0,US,USD,2013-02-25,2013-03-26,film & video,documentary,29,2013,2,Monday,1
319,5000.0,US,USD,2009-11-06,2010-02-02,film & video,documentary,88,2009,11,Friday,1
320,20000.0,GB,GBP,2015-11-23,2015-12-22,film & video,documentary,29,2015,11,Monday,1
321,35000.0,DE,EUR,2016-10-04,2016-11-08,film & video,documentary,35,2016,10,Tuesday,1
322,25000.0,US,USD,2016-04-13,2016-05-13,film & video,documentary,30,2016,4,Wednesday,1
323,5400.0,US,USD,2016-11-23,2016-12-21,film & video,documentary,28,2016,11,Wednesday,1
324,8500.0,US,USD,2015-06-29,2015-08-01,film & video,documentary,33,2015,6,Monday,1
325,50000.0,US,USD,2016-11-15,2016-12-20,film & video,documentary,35,2016,11,Tuesday,1
326,150000.0,US,USD,2017-02-09,2017-03-14,film & video,documentary,33,2017,2,Thursday,1
327,4000.0,US,USD,2015-02-23,2015-03-22,film & video,documentary,27,2015,2,Monday,1
328,75000.0,US,USD,2015-10-01,2015-11-01,film & video,documentary,31,2015,10,Thursday,1
329,10000.0,US,USD,2015-10-14,2015-11-07,film & video,documentary,24,2015,10,Wednesday,1
330,35000.0,US,USD,2013-04-15,2013-05-17,film & video,documentary,32,2013,4,Monday,1
331,40000.0,US,USD,2016-05-17,2016-06-17,film & video,documentary,31,2016,5,Tuesday,1
332,100000.0,US,USD,2015-09-16,2015-10-28,film & video,documentary,42,2015,9,Wednesday,1
333,40000.0,US,USD,2016-03-08,2016-04-07,film & video,documentary,30,2016,3,Tuesday,1
334,10000.0,US,USD,2015-04-07,2015-05-15,film & video,documentary,38,2015,4,Tuesday,1
335,8500.0,US,USD,2015-04-07,2015-05-08,film & video,documentary,31,2015,4,Tuesday,1
336,25000.0,US,USD,2015-10-14,2015-11-13,film & video,documentary,30,2015,10,Wednesday,1
337,3000.0,US,USD,2015-02-12,2015-03-14,film & video,documentary,30,2015,2,Thursday,1
338,15000.0,US,USD,2016-07-08,2016-09-03,film & video,documentary,57,2016,7,Friday,1
339,6000.0,US,USD,2015-03-30,2015-04-29,film & video,documentary,30,2015,3,Monday,1
340,35000.0,US,USD,2017-02-06,2017-03-08,film & video,documentary,30,2017,2,Monday,1
341,3500.0,US,USD,2014-09-12,2014-10-01,film & video,documentary,19,2014,9,Friday,1
342,55000.0,US,USD,2016-03-30,2016-04-29,film & video,documentary,30,2016,3,Wednesday,1
343,30000.0,US,USD,2014-10-14,2014-11-14,film & video,documentary,31,2014,10,Tuesday,1
344,33500.0,US,USD,2015-04-17,2015-06-01,film & video,documentary,45,2015,4,Friday,1
345,14500.0,US,USD,2015-04-20,2015-05-20,film & video,documentary,30,2015,4,Monday,1
346,10000.0,US,USD,2015-09-14,2015-10-14,film & video,documentary,30,2015,9,Monday,1
347,40000.0,US,USD,2015-10-15,2015-11-14,film & video,documentary,30,2015,10,Thursday,1
348,10000.0,US,USD,2015-07-22,2015-08-21,film & video,documentary,30,2015,7,Wednesday,1
349,11260.0,US,USD,2017-01-25,2017-02-24,film & video,documentary,30,2017,1,Wednesday,1
350,25000.0,US,USD,2016-08-04,2016-09-11,film & video,documentary,38,2016,8,Thursday,1
351,34000.0,ES,EUR,2016-02-27,2016-04-07,film & video,documentary,40,2016,2,Saturday,1
352,10000.0,US,USD,2014-09-08,2014-10-08,film & video,documentary,30,2014,9,Monday,1
353,58425.0,US,USD,2015-10-20,2015-11-19,film & video,documentary,30,2015,10,Tuesday,1
354,3500.0,US,USD,2016-03-09,2016-04-08,film & video,documentary,30,2016,3,Wednesday,1
355,35000.0,US,USD,2014-10-31,2014-12-01,film & video,documentary,31,2014,10,Friday,1
356,7500.0,US,USD,2016-02-15,2016-03-16,film & video,documentary,30,2016,2,Monday,1
357,15000.0,US,USD,2015-03-15,2015-04-24,film & video,documentary,40,2015,3,Sunday,1
358,50000.0,US,USD,2016-05-17,2016-06-15,film & video,documentary,29,2016,5,Tuesday,1
359,24200.0,US,USD,2014-10-23,2014-11-14,film & video,documentary,22,2014,10,Thursday,1
360,12000.0,US,USD,2015-06-08,2015-07-23,film & video,documentary,45,2015,6,Monday,1
361,35000.0,US,USD,2014-10-24,2014-11-23,film & video,documentary,30,2014,10,Friday,1
362,9665.0,US,USD,2014-07-17,2014-08-08,film & video,documentary,22,2014,7,Thursday,1
363,8925.0,US,USD,2010-03-18,2010-05-02,film & video,documentary,45,2010,3,Thursday,1
364,7000.0,US,USD,2014-05-21,2014-06-21,film & video,documentary,31,2014,5,Wednesday,1
365,15000.0,GB,GBP,2014-01-29,2014-02-28,film & video,documentary,30,2014,1,Wednesday,1
366,38000.0,US,USD,2012-04-20,2012-05-20,film & video,documentary,30,2012,4,Friday,1
367,10000.0,US,USD,2013-03-22,2013-05-01,film & video,documentary,40,2013,3,Friday,1
368,12500.0,US,USD,2015-02-08,2015-03-15,film & video,documentary,35,2015,2,Sunday,1
369,6500.0,US,USD,2011-12-16,2012-01-15,film & video,documentary,30,2011,12,Friday,1
370,25000.0,US,USD,2016-12-07,2017-01-06,film & video,documentary,30,2016,12,Wednesday,1
371,150000.0,US,USD,2012-12-18,2013-02-01,film & video,documentary,45,2012,12,Tuesday,1
372,300.0,GB,GBP,2016-02-25,2016-04-05,film & video,documentary,40,2016,2,Thursday,1
373,7500.0,US,USD,2012-06-18,2012-07-18,film & video,documentary,30,2012,6,Monday,1
374,6000.0,US,USD,2011-08-02,2011-09-16,film & video,documentary,45,2011,8,Tuesday,1
375,500.0,US,USD,2014-01-18,2014-03-01,film & video,documentary,42,2014,1,Saturday,1
376,2450.0,GB,GBP,2016-07-25,2016-08-25,film & video,documentary,31,2016,7,Monday,1
377,12000.0,US,USD,2015-10-15,2015-11-14,film & video,documentary,30,2015,10,Thursday,1
378,3000.0,CA,CAD,2016-01-01,2016-01-25,film & video,documentary,24,2016,1,Friday,1
379,15000.0,US,USD,2012-03-19,2012-05-03,film & video,documentary,45,2012,3,Monday,1
380,4000.0,US,USD,2015-12-29,2016-01-23,film & video,documentary,25,2015,12,Tuesday,1
381,25000.0,US,USD,2012-06-25,2012-07-30,film & video,documentary,35,2012,6,Monday,1
382,600.0,US,USD,2012-08-23,2012-09-06,film & video,documentary,14,2012,8,Thursday,1
383,999.0,US,USD,2014-04-26,2014-05-19,film & video,documentary,23,2014,4,Saturday,1
384,20000.0,US,USD,2014-12-07,2015-01-06,film & video,documentary,30,2014,12,Sunday,1
385,25000.0,US,USD,2014-10-22,2014-11-21,film & video,documentary,30,2014,10,Wednesday,1
386,600.0,US,USD,2015-07-26,2015-08-10,film & video,documentary,15,2015,7,Sunday,1
387,38000.0,US,USD,2015-07-15,2015-08-15,film & video,documentary,31,2015,7,Wednesday,1
388,5000.0,US,USD,2016-06-28,2016-07-28,film & video,documentary,30,2016,6,Tuesday,1
389,68000.0,US,USD,2014-02-04,2014-03-07,film & video,documentary,31,2014,2,Tuesday,1
390,1000.0,US,USD,2015-04-18,2015-05-08,film & video,documentary,20,2015,4,Saturday,1
391,20000.0,US,USD,2011-11-18,2011-12-18,film & video,documentary,30,2011,11,Friday,1
392,18500.0,US,USD,2011-08-08,2011-09-08,film & video,documentary,31,2011,8,Monday,1
393,50000.0,US,USD,2013-09-09,2013-10-10,film & video,documentary,31,2013,9,Monday,1
394,4700.0,ES,EUR,2016-02-17,2016-04-17,film & video,documentary,60,2016,2,Wednesday,1
395,10000.0,US,USD,2012-03-22,2012-04-27,film & video,documentary,36,2012,3,Thursday,1
396,15000.0,US,USD,2012-06-22,2012-07-07,film & video,documentary,15,2012,6,Friday,1
397,12444.0,US,USD,2010-07-20,2010-09-01,film & video,documentary,43,2010,7,Tuesday,1
398,7500.0,US,USD,2015-03-15,2015-04-29,film & video,documentary,45,2015,3,Sunday,1
399,20000.0,GB,GBP,2016-11-13,2016-12-14,film & video,documentary,31,2016,11,Sunday,1
400,10000.0,US,USD,2014-04-16,2014-05-17,film & video,documentary,31,2014,4,Wednesday,1
401,50000.0,US,USD,2011-07-08,2011-08-07,film & video,documentary,30,2011,7,Friday,1
402,2000.0,US,USD,2015-10-15,2015-11-05,film & video,documentary,21,2015,10,Thursday,1
403,5000.0,US,USD,2011-06-24,2011-08-10,film & video,documentary,47,2011,6,Friday,1
404,35000.0,US,USD,2014-01-07,2014-02-05,film & video,documentary,29,2014,1,Tuesday,1
405,2820.0,US,USD,2014-02-04,2014-03-06,film & video,documentary,30,2014,2,Tuesday,1
406,2800.0,US,USD,2011-04-05,2011-05-09,film & video,documentary,34,2011,4,Tuesday,1
407,2000.0,US,USD,2011-09-20,2011-11-19,film & video,documentary,60,2011,9,Tuesday,1
408,6000.0,US,USD,2013-09-26,2013-11-05,film & video,documentary,40,2013,9,Thursday,1
409,500.0,GB,GBP,2016-06-22,2016-07-22,film & video,documentary,30,2016,6,Wednesday,1
410,1000.0,CA,CAD,2015-04-19,2015-06-18,film & video,documentary,60,2015,4,Sunday,1
411,30000.0,US,USD,2013-11-20,2013-12-22,film & video,documentary,32,2013,11,Wednesday,1
412,2500.0,US,USD,2012-07-09,2012-07-25,film & video,documentary,16,2012,7,Monday,1
413,12800.0,US,USD,2012-06-19,2012-07-19,film & video,documentary,30,2012,6,Tuesday,1
414,18500.0,US,USD,2013-09-12,2013-10-12,film & video,documentary,30,2013,9,Thursday,1
415,1400.0,CA,CAD,2014-09-22,2014-10-17,film & video,documentary,25,2014,9,Monday,1
416,1000.0,US,USD,2014-01-09,2014-02-08,film & video,documentary,30,2014,1,Thursday,1
417,10500.0,US,USD,2013-03-27,2013-04-08,film & video,documentary,12,2013,3,Wednesday,1
418,22400.0,US,USD,2015-06-23,2015-07-23,film & video,documentary,30,2015,6,Tuesday,1
419,8000.0,US,USD,2013-04-30,2013-06-29,film & video,documentary,60,2013,4,Tuesday,1
420,3300.0,US,USD,2014-02-12,2014-03-14,film & video,animation,30,2014,2,Wednesday,0
421,15000.0,US,USD,2015-06-22,2015-08-21,film & video,animation,60,2015,6,Monday,0
422,40000.0,US,USD,2014-08-12,2014-09-11,film & video,animation,30,2014,8,Tuesday,0
423,20000.0,US,USD,2013-05-06,2013-06-05,film & video,animation,30,2013,5,Monday,0
424,3000.0,US,USD,2012-01-26,2012-03-26,film & video,animation,60,2012,1,Thursday,0
425,50000.0,US,USD,2015-09-28,2015-11-27,film & video,animation,60,2015,9,Monday,0
426,10000.0,US,USD,2016-01-31,2016-03-01,film & video,animation,30,2016,1,Sunday,0
427,6500.0,US,USD,2015-10-08,2015-10-22,film & video,animation,14,2015,10,Thursday,0
428,12000.0,US,USD,2014-05-19,2014-06-16,film & video,animation,28,2014,5,Monday,0
429,5000.0,US,USD,2009-09-14,2009-11-27,film & video,animation,74,2009,9,Monday,0
430,1000.0,US,USD,2013-08-27,2013-09-11,film & video,animation,15,2013,8,Tuesday,0
431,3000.0,GB,GBP,2016-06-05,2016-07-05,film & video,animation,30,2016,6,Sunday,0
432,6000.0,US,USD,2015-08-22,2015-10-21,film & video,animation,60,2015,8,Saturday,0
433,3000.0,US,USD,2015-08-12,2015-10-11,film & video,animation,60,2015,8,Wednesday,0
434,2500.0,US,USD,2013-10-29,2013-12-01,film & video,animation,33,2013,10,Tuesday,0
435,110000.0,US,USD,2013-08-14,2013-09-13,film & video,animation,30,2013,8,Wednesday,0
436,1000.0,US,USD,2013-07-01,2013-07-31,film & video,animation,30,2013,7,Monday,0
437,7000.0,CA,CAD,2016-08-09,2016-10-08,film & video,animation,60,2016,8,Tuesday,0
438,20000.0,US,USD,2015-10-19,2015-11-18,film & video,animation,30,2015,10,Monday,0
439,450.0,US,USD,2014-10-07,2014-10-17,film & video,animation,10,2014,10,Tuesday,0
440,5000.0,US,USD,2016-02-23,2016-03-24,film & video,animation,30,2016,2,Tuesday,0
441,400.0,GB,GBP,2013-10-03,2013-11-02,film & video,animation,30,2013,10,Thursday,0
442,17000.0,US,USD,2015-01-20,2015-02-19,film & video,animation,30,2015,1,Tuesday,0
443,10000.0,CA,CAD,2014-01-11,2014-02-10,film & video,animation,30,2014,1,Saturday,0
444,1000.0,US,USD,2011-12-17,2012-02-15,film & video,animation,60,2011,12,Saturday,0
445,60000.0,US,USD,2015-05-06,2015-05-21,film & video,animation,15,2015,5,Wednesday,0
446,10500.0,US,USD,2015-02-02,2015-03-04,film & video,animation,30,2015,2,Monday,0
447,30000.0,GB,GBP,2013-02-26,2013-03-23,film & video,animation,25,2013,2,Tuesday,0
448,2500.0,US,USD,2014-04-24,2014-05-14,film & video,animation,20,2014,4,Thursday,0
449,2000.0,GB,GBP,2013-09-17,2013-10-17,film & video,animation,30,2013,9,Tuesday,0
450,50000.0,US,USD,2014-01-15,2014-02-14,film & video,animation,30,2014,1,Wednesday,0
451,20000.0,US,USD,2013-12-26,2014-01-25,film & video,animation,30,2013,12,Thursday,0
452,750.0,US,USD,2015-04-13,2015-05-13,film & video,animation,30,2015,4,Monday,0
453,94875.0,US,USD,2015-02-03,2015-02-19,film & video,animation,16,2015,2,Tuesday,0
454,10000.0,US,USD,2014-10-26,2014-11-26,film & video,animation,31,2014,10,Sunday,0
455,65000.0,US,USD,2012-03-03,2012-04-17,film & video,animation,45,2012,3,Saturday,0
456,8888.0,US,USD,2013-09-30,2013-10-22,film & video,animation,22,2013,9,Monday,0
457,20000.0,CA,CAD,2014-07-17,2014-08-16,film & video,animation,30,2014,7,Thursday,0
458,10000.0,GB,GBP,2013-04-14,2013-05-14,film & video,animation,30,2013,4,Sunday,0
459,39000.0,US,USD,2011-09-14,2011-11-13,film & video,animation,60,2011,9,Wednesday,0
460,8500.0,US,USD,2014-04-30,2014-06-01,film & video,animation,32,2014,4,Wednesday,0
461,550.0,GB,GBP,2013-05-13,2013-06-02,film & video,animation,20,2013,5,Monday,0
462,100000.0,US,USD,2011-06-11,2011-08-10,film & video,animation,60,2011,6,Saturday,0
463,55000.0,US,USD,2011-07-26,2011-09-24,film & video,animation,60,2011,7,Tuesday,0
464,1010.0,DE,EUR,2016-04-28,2016-05-18,film & video,animation,20,2016,4,Thursday,0
465,512.0,US,USD,2014-06-11,2014-06-27,film & video,animation,16,2014,6,Wednesday,0
466,10000.0,US,USD,2012-08-08,2012-09-07,film & video,animation,30,2012,8,Wednesday,0
467,20000.0,US,USD,2012-08-14,2012-09-28,film & video,animation,45,2012,8,Tuesday,0
468,7500.0,US,USD,2012-05-12,2012-07-11,film & video,animation,60,2012,5,Saturday,0
469,6000.0,GB,GBP,2014-07-07,2014-09-05,film & video,animation,60,2014,7,Monday,0
470,5000.0,US,USD,2013-11-27,2014-01-16,film & video,animation,50,2013,11,Wednesday,0
471,55000.0,US,USD,2014-03-05,2014-04-19,film & video,animation,45,2014,3,Wednesday,0
472,800.0,US,USD,2014-07-24,2014-08-23,film & video,animation,30,2014,7,Thursday,0
473,30000.0,US,USD,2014-08-18,2014-09-17,film & video,animation,30,2014,8,Monday,0
474,3300.0,US,USD,2017-01-18,2017-02-17,film & video,animation,30,2017,1,Wednesday,0
475,2000.0,US,USD,2015-04-06,2015-05-06,film & video,animation,30,2015,4,Monday,0
476,220000.0,US,USD,2014-04-28,2014-06-03,film & video,animation,36,2014,4,Monday,0
477,1500.0,US,USD,2012-03-19,2012-05-18,film & video,animation,60,2012,3,Monday,0
478,10000.0,US,USD,2015-03-02,2015-04-01,film & video,animation,30,2015,3,Monday,0
479,15000.0,US,USD,2014-09-22,2014-11-21,film & video,animation,60,2014,9,Monday,0
480,40000.0,US,USD,2013-07-10,2013-08-09,film & video,animation,30,2013,7,Wednesday,0
481,30000.0,US,USD,2012-09-10,2012-10-10,film & video,animation,30,2012,9,Monday,0
482,10000.0,US,USD,2016-03-18,2016-04-14,film & video,animation,27,2016,3,Friday,0
483,15000.0,GB,GBP,2012-11-30,2013-01-29,film & video,animation,60,2012,11,Friday,0
484,80000.0,GB,GBP,2015-09-25,2015-11-05,film & video,animation,41,2015,9,Friday,0
485,37956.0,GB,GBP,2013-04-17,2013-05-17,film & video,animation,30,2013,4,Wednesday,0
486,550000.0,AU,AUD,2014-05-02,2014-06-01,film & video,animation,30,2014,5,Friday,0
487,50000.0,CA,CAD,2016-10-26,2016-12-25,film & video,animation,60,2016,10,Wednesday,0
488,12000.0,US,USD,2016-12-10,2017-01-09,film & video,animation,30,2016,12,Saturday,0
489,74997.0,US,USD,2011-12-05,2012-01-05,film & video,animation,31,2011,12,Monday,0
490,1000.0,US,USD,2012-07-23,2012-08-22,film & video,animation,30,2012,7,Monday,0
491,10000.0,US,USD,2015-12-28,2016-01-27,film & video,animation,30,2015,12,Monday,0
492,10000000.0,SE,SEK,2016-08-14,2016-10-13,film & video,animation,60,2016,8,Sunday,0
493,30000.0,GB,GBP,2015-04-20,2015-05-20,film & video,animation,30,2015,4,Monday,0
494,20000.0,US,USD,2014-06-09,2014-07-03,film & video,animation,24,2014,6,Monday,0
495,7000.0,US,USD,2015-06-16,2015-07-16,film & video,animation,30,2015,6,Tuesday,0
496,60000.0,US,USD,2013-12-12,2014-02-10,film & video,animation,60,2013,12,Thursday,0
497,4480.0,US,USD,2014-11-02,2014-12-25,film & video,animation,53,2014,11,Sunday,0
498,65108.0,US,USD,2011-11-11,2011-12-23,film & video,animation,42,2011,11,Friday,0
499,20000.0,US,USD,2009-08-18,2009-10-12,film & video,animation,55,2009,8,Tuesday,0
500,6500.0,US,USD,2010-03-10,2010-05-08,film & video,animation,59,2010,3,Wednesday,0
501,10000.0,US,USD,2011-06-09,2011-07-09,film & video,animation,30,2011,6,Thursday,0
502,20000.0,US,USD,2012-02-17,2012-03-18,film & video,animation,30,2012,2,Friday,0
503,6500.0,GB,GBP,2014-12-18,2015-01-17,film & video,animation,30,2014,12,Thursday,0
504,24500.0,US,USD,2012-02-10,2012-04-10,film & video,animation,60,2012,2,Friday,0
505,12000.0,US,USD,2015-11-10,2015-12-25,film & video,animation,45,2015,11,Tuesday,0
506,200000.0,US,USD,2013-07-11,2013-08-10,film & video,animation,30,2013,7,Thursday,0
507,20000.0,US,USD,2012-09-04,2012-10-19,film & video,animation,45,2012,9,Tuesday,0
508,50000.0,US,USD,2012-03-27,2012-05-25,film & video,animation,59,2012,3,Tuesday,0
509,5000.0,GB,GBP,2015-05-29,2015-06-28,film & video,animation,30,2015,5,Friday,0
510,14000.0,US,USD,2016-01-31,2016-03-01,film & video,animation,30,2016,1,Sunday,0
511,5000.0,US,USD,2013-03-07,2013-04-06,film & video,animation,30,2013,3,Thursday,0
512,8000.0,US,USD,2016-10-06,2016-11-20,film & video,animation,45,2016,10,Thursday,0
513,50000.0,US,USD,2016-07-01,2016-08-15,film & video,animation,45,2016,7,Friday,0
514,1500.0,CA,CAD,2014-07-10,2014-08-09,film & video,animation,30,2014,7,Thursday,0
515,97000.0,US,USD,2015-11-19,2015-12-29,film & video,animation,40,2015,11,Thursday,0
516,5000.0,GB,GBP,2015-03-28,2015-05-27,film & video,animation,60,2015,3,Saturday,0
517,15000.0,US,USD,2017-01-03,2017-02-02,film & video,animation,30,2017,1,Tuesday,0
518,7175.0,US,USD,2015-08-07,2015-09-06,film & video,animation,30,2015,8,Friday,0
519,12001.0,US,USD,2012-11-05,2012-12-05,film & video,animation,30,2012,11,Monday,0
520,5000.0,GB,GBP,2015-11-10,2015-12-10,theater,plays,30,2015,11,Tuesday,1
521,5000.0,US,USD,2016-10-03,2016-11-01,theater,plays,29,2016,10,Monday,1
522,3000.0,US,USD,2016-03-01,2016-03-20,theater,plays,19,2016,3,Tuesday,1
523,5000.0,US,USD,2015-08-22,2015-09-21,theater,plays,30,2015,8,Saturday,1
524,3500.0,GB,GBP,2016-05-02,2016-06-01,theater,plays,30,2016,5,Monday,1
525,12000.0,US,USD,2014-07-30,2014-09-13,theater,plays,45,2014,7,Wednesday,1
526,1500.0,GB,GBP,2015-07-07,2015-08-07,theater,plays,31,2015,7,Tuesday,1
527,10000.0,US,USD,2017-01-18,2017-02-17,theater,plays,30,2017,1,Wednesday,1
528,1150.0,US,USD,2015-05-31,2015-06-21,theater,plays,21,2015,5,Sunday,1
529,1200.0,CA,CAD,2016-12-21,2017-01-11,theater,plays,21,2016,12,Wednesday,1
530,3405.0,US,USD,2015-06-02,2015-06-24,theater,plays,22,2015,6,Tuesday,1
531,4000.0,US,USD,2016-11-02,2016-12-17,theater,plays,45,2016,11,Wednesday,1
532,10000.0,US,USD,2016-04-13,2016-05-13,theater,plays,30,2016,4,Wednesday,1
533,2000.0,GB,GBP,2016-04-22,2016-05-16,theater,plays,24,2016,4,Friday,1
534,15000.0,NO,NOK,2015-09-23,2015-11-01,theater,plays,39,2015,9,Wednesday,1
535,2000.0,GB,GBP,2016-12-07,2017-01-06,theater,plays,30,2016,12,Wednesday,1
536,3300.0,GB,GBP,2015-06-24,2015-08-03,theater,plays,40,2015,6,Wednesday,1
537,2000.0,US,USD,2015-10-05,2015-11-04,theater,plays,30,2015,10,Monday,1
538,5000.0,US,USD,2016-04-13,2016-05-13,theater,plays,30,2016,4,Wednesday,1
539,500.0,GB,GBP,2016-06-14,2016-07-05,theater,plays,21,2016,6,Tuesday,1
540,15000.0,US,USD,2015-01-05,2015-02-04,technology,web,30,2015,1,Monday,0
541,4500.0,US,USD,2015-09-29,2015-10-29,technology,web,30,2015,9,Tuesday,0
542,250000.0,US,USD,2016-03-04,2016-05-03,technology,web,60,2016,3,Friday,0
543,22000.0,AU,AUD,2014-10-02,2014-11-01,technology,web,30,2014,10,Thursday,0
544,500.0,US,USD,2016-06-04,2016-07-04,technology,web,30,2016,6,Saturday,0
545,50000.0,FR,EUR,2015-10-06,2015-11-15,technology,web,40,2015,10,Tuesday,0
546,60000.0,US,USD,2015-09-02,2015-10-17,technology,web,45,2015,9,Wednesday,0
547,7500.0,GB,GBP,2016-01-11,2016-02-10,technology,web,30,2016,1,Monday,0
548,10000.0,GB,GBP,2015-09-29,2015-10-29,technology,web,30,2015,9,Tuesday,0
549,2500.0,GB,GBP,2015-06-08,2015-07-08,technology,web,30,2015,6,Monday,0
550,5000.0,CA,CAD,2017-01-18,2017-01-31,technology,web,13,2017,1,Wednesday,0
551,75000.0,US,USD,2015-06-18,2015-08-01,technology,web,44,2015,6,Thursday,0
552,45000.0,CA,CAD,2015-11-10,2016-01-09,technology,web,60,2015,11,Tuesday,0
553,25000.0,US,USD,2014-10-15,2014-11-14,technology,web,30,2014,10,Wednesday,0
554,3870.0,US,USD,2014-09-19,2014-10-19,technology,web,30,2014,9,Friday,0
555,7500.0,GB,GBP,2016-05-13,2016-06-12,technology,web,30,2016,5,Friday,0
556,8000.0,US,USD,2015-12-07,2016-01-06,technology,web,30,2015,12,Monday,0
557,150000.0,DE,EUR,2016-11-02,2016-12-02,technology,web,30,2016,11,Wednesday,0
558,750.0,US,USD,2015-02-22,2015-03-24,technology,web,30,2015,2,Sunday,0
559,240000.0,US,USD,2015-11-13,2015-12-13,technology,web,30,2015,11,Friday,0
560,100000.0,CA,CAD,2014-11-17,2014-12-17,technology,web,30,2014,11,Monday,0
561,15000.0,US,USD,2015-09-21,2015-10-26,technology,web,35,2015,9,Monday,0
562,50000.0,NL,EUR,2016-11-18,2016-12-18,technology,web,30,2016,11,Friday,0
563,75000.0,AU,AUD,2015-01-18,2015-02-17,technology,web,30,2015,1,Sunday,0
564,18000.0,FR,EUR,2016-02-11,2016-03-12,technology,web,30,2016,2,Thursday,0
565,25000.0,GB,GBP,2015-06-10,2015-07-10,technology,web,30,2015,6,Wednesday,0
566,5000.0,US,USD,2016-06-14,2016-07-14,technology,web,30,2016,6,Tuesday,0
567,10000.0,US,USD,2014-12-02,2015-01-01,technology,web,30,2014,12,Tuesday,0
568,24500.0,NZ,NZD,2015-12-10,2016-01-16,technology,web,37,2015,12,Thursday,0
569,2500.0,CA,CAD,2015-12-02,2016-01-01,technology,web,30,2015,12,Wednesday,0
570,85000.0,US,USD,2016-01-19,2016-02-18,technology,web,30,2016,1,Tuesday,0
571,25000.0,US,USD,2015-07-07,2015-07-27,technology,web,20,2015,7,Tuesday,0
572,2500.0,US,USD,2015-10-05,2015-11-04,technology,web,30,2015,10,Monday,0
573,88888.0,US,USD,2014-11-20,2015-01-18,technology,web,59,2014,11,Thursday,0
574,11180.0,GB,GBP,2016-09-19,2016-10-19,technology,web,30,2016,9,Monday,0
575,60000.0,DE,EUR,2015-05-14,2015-06-13,technology,web,30,2015,5,Thursday,0
576,80000.0,US,USD,2015-01-27,2015-03-28,technology,web,60,2015,1,Tuesday,0
577,5000.0,US,USD,2016-03-21,2016-05-20,technology,web,60,2016,3,Monday,0
578,125000.0,GB,GBP,2015-08-14,2015-09-07,technology,web,24,2015,8,Friday,0
579,12000.0,US,USD,2014-11-25,2014-12-25,technology,web,30,2014,11,Tuesday,0
580,3000.0,US,USD,2016-08-23,2016-09-22,technology,web,30,2016,8,Tuesday,0
581,400.0,US,USD,2015-07-03,2015-08-02,technology,web,30,2015,7,Friday,0
582,100000.0,US,USD,2015-02-20,2015-03-15,technology,web,23,2015,2,Friday,0
583,9000.0,US,USD,2015-02-17,2015-03-19,technology,web,30,2015,2,Tuesday,0
584,1000.0,US,USD,2015-02-14,2015-03-16,technology,web,30,2015,2,Saturday,0
585,9000.0,GB,GBP,2015-10-06,2015-12-01,technology,web,56,2015,10,Tuesday,0
586,10000.0,US,USD,2015-01-16,2015-02-15,technology,web,30,2015,1,Friday,0
587,30000.0,CA,CAD,2015-03-17,2015-04-16,technology,web,30,2015,3,Tuesday,0
588,9000.0,IT,EUR,2016-09-18,2016-11-17,technology,web,60,2016,9,Sunday,0
589,7500.0,US,USD,2015-06-23,2015-07-08,technology,web,15,2015,6,Tuesday,0
590,5000.0,GB,GBP,2016-01-08,2016-02-08,technology,web,31,2016,1,Friday,0
591,100000.0,US,USD,2015-06-22,2015-07-22,technology,web,30,2015,6,Monday,0
592,7500.0,US,USD,2014-11-03,2014-12-03,technology,web,30,2014,11,Monday,0
593,500.0,GB,GBP,2015-03-07,2015-04-06,technology,web,30,2015,3,Saturday,0
594,25000.0,US,USD,2016-03-17,2016-04-16,technology,web,30,2016,3,Thursday,0
595,100000.0,US,USD,2015-03-20,2015-05-04,technology,web,45,2015,3,Friday,0
596,20000.0,US,USD,2016-10-03,2016-11-02,technology,web,30,2016,10,Monday,0
597,7500.0,US,USD,2016-06-24,2016-07-31,technology,web,37,2016,6,Friday,0
598,2500.0,US,USD,2014-11-05,2014-12-05,technology,web,30,2014,11,Wednesday,0
599,50000.0,US,USD,2015-02-12,2015-03-08,technology,web,24,2015,2,Thursday,0
640,70.0,FR,EUR,2016-11-09,2016-11-24,technology,wearables,15,2016,11,Wednesday,1
641,40000.0,US,USD,2015-07-14,2015-08-13,technology,wearables,30,2015,7,Tuesday,1
642,20000.0,DE,EUR,2015-07-14,2015-08-19,technology,wearables,36,2015,7,Tuesday,1
643,25000.0,US,USD,2015-04-06,2015-05-31,technology,wearables,55,2015,4,Monday,1
644,25000.0,US,USD,2014-09-16,2014-10-29,technology,wearables,43,2014,9,Tuesday,1
645,2000.0,US,USD,2016-07-13,2016-08-12,technology,wearables,30,2016,7,Wednesday,1
646,800.0,US,USD,2014-07-12,2014-08-11,technology,wearables,30,2014,7,Saturday,1
647,2000.0,CA,CAD,2016-02-16,2016-03-17,technology,wearables,30,2016,2,Tuesday,1
648,35000.0,US,USD,2014-09-09,2014-10-14,technology,wearables,35,2014,9,Tuesday,1
649,2500.0,US,USD,2014-08-26,2014-09-16,technology,wearables,21,2014,8,Tuesday,1
650,1500.0,US,USD,2014-10-20,2014-12-19,technology,wearables,60,2014,10,Monday,1
651,25000.0,US,USD,2014-11-13,2014-12-13,technology,wearables,30,2014,11,Thursday,1
652,3000.0,US,USD,2016-11-01,2016-12-01,technology,wearables,30,2016,11,Tuesday,1
653,75000.0,US,USD,2015-07-14,2015-08-20,technology,wearables,37,2015,7,Tuesday,1
654,12000.0,US,USD,2015-06-08,2015-07-08,technology,wearables,30,2015,6,Monday,1
655,8000.0,US,USD,2015-02-10,2015-03-12,technology,wearables,30,2015,2,Tuesday,1
656,5000.0,US,USD,2016-02-17,2016-04-17,technology,wearables,60,2016,2,Wednesday,1
657,15000.0,US,USD,2015-11-23,2015-12-23,technology,wearables,30,2015,11,Monday,1
658,28888.0,US,USD,2015-06-24,2015-07-26,technology,wearables,32,2015,6,Wednesday,1
659,3000.0,US,USD,2015-07-24,2015-08-23,technology,wearables,30,2015,7,Friday,1
660,50000.0,US,USD,2014-10-10,2014-11-09,technology,wearables,30,2014,10,Friday,0
661,10000.0,US,USD,2016-09-23,2016-10-23,technology,wearables,30,2016,9,Friday,0
662,39000.0,US,USD,2014-12-17,2015-01-16,technology,wearables,30,2014,12,Wednesday,0
663,200000.0,DK,DKK,2015-06-18,2015-07-18,technology,wearables,30,2015,6,Thursday,0
664,12000.0,US,USD,2015-03-14,2015-04-13,technology,wearables,30,2015,3,Saturday,0
665,10000.0,US,USD,2016-11-14,2017-01-13,technology,wearables,60,2016,11,Monday,0
666,200000.0,US,USD,2014-07-18,2014-08-17,technology,wearables,30,2014,7,Friday,0
667,50000.0,IT,EUR,2016-09-19,2016-10-29,technology,wearables,40,2016,9,Monday,0
668,15000.0,US,USD,2015-03-27,2015-05-11,technology,wearables,45,2015,3,Friday,0
669,200000.0,SE,SEK,2016-06-06,2016-07-06,technology,wearables,30,2016,6,Monday,0
670,90000.0,IT,EUR,2016-05-16,2016-06-19,technology,wearables,34,2016,5,Monday,0
671,30000.0,US,USD,2014-12-11,2015-01-14,technology,wearables,34,2014,12,Thursday,0
672,50000.0,US,USD,2014-12-01,2015-01-01,technology,wearables,31,2014,12,Monday,0
673,100000.0,US,USD,2014-07-18,2014-09-01,technology,wearables,45,2014,7,Friday,0
674,50000.0,US,USD,2014-06-13,2014-08-12,technology,wearables,60,2014,6,Friday,0
675,6000.0,US,USD,2014-12-02,2015-01-01,technology,wearables,30,2014,12,Tuesday,0
676,100000.0,CA,CAD,2015-01-08,2015-02-07,technology,wearables,30,2015,1,Thursday,0
677,50000.0,IT,EUR,2016-05-14,2016-06-28,technology,wearables,45,2016,5,Saturday,0
678,29000.0,US,USD,2016-04-21,2016-05-21,technology,wearables,30,2016,4,Thursday,0
679,57000.0,US,USD,2016-07-05,2016-09-03,technology,wearables,60,2016,7,Tuesday,0
680,75000.0,US,USD,2014-08-13,2014-09-17,technology,wearables,35,2014,8,Wednesday,0
681,2500.0,US,USD,2016-09-26,2016-10-26,technology,wearables,30,2016,9,Monday,0
682,50000.0,US,USD,2017-02-12,2017-03-14,technology,wearables,30,2017,2,Sunday,0
683,35000.0,US,USD,2016-09-21,2016-10-31,technology,wearables,40,2016,9,Wednesday,0
684,320000.0,US,USD,2014-06-19,2014-07-25,technology,wearables,36,2014,6,Thursday,0
685,2000.0,US,USD,2014-11-28,2015-01-12,technology,wearables,45,2014,11,Friday,0
686,500000.0,IT,EUR,2015-07-04,2015-08-03,technology,wearables,30,2015,7,Saturday,0
687,100000.0,MX,MXN,2016-12-07,2017-02-05,technology,wearables,60,2016,12,Wednesday,0
688,20000.0,US,USD,2015-09-15,2015-10-15,technology,wearables,30,2015,9,Tuesday,0
689,200000.0,US,USD,2016-11-01,2016-12-08,technology,wearables,37,2016,11,Tuesday,0
690,20000.0,US,USD,2016-07-28,2016-09-09,technology,wearables,43,2016,7,Thursday,0
691,50000.0,US,USD,2015-06-03,2015-07-01,technology,wearables,28,2015,6,Wednesday,0
692,20000.0,GB,GBP,2016-11-22,2016-12-22,technology,wearables,30,2016,11,Tuesday,0
693,100000.0,US,USD,2015-03-31,2015-04-30,technology,wearables,30,2015,3,Tuesday,0
694,150000.0,US,USD,2017-01-02,2017-02-01,technology,wearables,30,2017,1,Monday,0
695,60000.0,US,USD,2014-10-01,2014-10-31,technology,wearables,30,2014,10,Wednesday,0
696,175000.0,NL,EUR,2014-06-25,2014-07-25,technology,wearables,30,2014,6,Wednesday,0
697,5000.0,DE,EUR,2016-01-19,2016-02-03,technology,wearables,15,2016,1,Tuesday,0
698,100000.0,US,USD,2014-08-15,2014-09-18,technology,wearables,34,2014,8,Friday,0
699,130000.0,US,USD,2013-10-16,2013-11-22,technology,wearables,37,2013,10,Wednesday,0
700,15000.0,ES,EUR,2016-12-11,2017-01-10,technology,wearables,30,2016,12,Sunday,0
701,23000.0,GB,GBP,2014-06-23,2014-07-23,technology,wearables,30,2014,6,Monday,0
702,15000.0,US,USD,2016-10-25,2016-11-24,technology,wearables,30,2016,10,Tuesday,0
703,15000.0,US,USD,2016-12-07,2017-01-31,technology,wearables,55,2016,12,Wednesday,0
704,55000.0,CA,CAD,2016-12-22,2017-02-20,technology,wearables,60,2016,12,Thursday,0
705,100000.0,NL,EUR,2016-12-22,2017-01-21,technology,wearables,30,2016,12,Thursday,0
706,100000.0,ES,EUR,2016-11-02,2016-12-14,technology,wearables,42,2016,11,Wednesday,0
707,68000.0,GB,GBP,2016-11-22,2017-01-01,technology,wearables,40,2016,11,Tuesday,0
708,40000.0,GB,GBP,2014-07-15,2014-09-13,technology,wearables,60,2014,7,Tuesday,0
709,15000.0,US,USD,2014-11-05,2014-12-05,technology,wearables,30,2014,11,Wednesday,0
710,1200.0,CA,CAD,2014-07-17,2014-08-20,technology,wearables,34,2014,7,Thursday,0
711,100000.0,NL,EUR,2016-11-04,2016-12-14,technology,wearables,40,2016,11,Friday,0
712,48500.0,US,USD,2016-01-15,2016-02-14,technology,wearables,30,2016,1,Friday,0
713,25000.0,IT,EUR,2016-05-06,2016-06-05,technology,wearables,30,2016,5,Friday,0
714,15000.0,US,USD,2016-12-30,2017-02-28,technology,wearables,60,2016,12,Friday,0
715,27500.0,US,USD,2015-09-26,2015-11-05,technology,wearables,40,2015,9,Saturday,0
716,7000.0,US,USD,2014-10-28,2014-12-01,technology,wearables,34,2014,10,Tuesday,0
717,100000.0,US,USD,2014-08-06,2014-09-05,technology,wearables,30,2014,8,Wednesday,0
718,12000.0,US,USD,2017-01-17,2017-02-18,technology,wearables,32,2017,1,Tuesday,0
719,15000.0,US,USD,2016-02-09,2016-02-23,technology,wearables,14,2016,2,Tuesday,0
720,1900.0,US,USD,2012-01-01,2012-01-29,publishing,nonfiction,28,2012,1,Sunday,1
721,8200.0,US,USD,2014-06-17,2014-08-01,publishing,nonfiction,45,2014,6,Tuesday,1
722,25000.0,US,USD,2012-03-09,2012-04-08,publishing,nonfiction,30,2012,3,Friday,1
723,5000.0,US,USD,2015-06-29,2015-07-30,publishing,nonfiction,31,2015,6,Monday,1
724,7000.0,US,USD,2011-05-31,2011-06-30,publishing,nonfiction,30,2011,5,Tuesday,1
725,20000.0,US,USD,2015-11-13,2015-12-13,publishing,nonfiction,30,2015,11,Friday,1
726,2500.0,US,USD,2013-03-13,2013-04-12,publishing,nonfiction,30,2013,3,Wednesday,1
727,3500.0,US,USD,2012-12-04,2013-01-14,publishing,nonfiction,41,2012,12,Tuesday,1
728,7500.0,US,USD,2011-07-07,2011-08-21,publishing,nonfiction,45,2011,7,Thursday,1
729,4000.0,US,USD,2012-07-21,2012-09-19,publishing,nonfiction,60,2012,7,Saturday,1
730,20000.0,US,USD,2011-11-07,2011-12-07,publishing,nonfiction,30,2011,11,Monday,1
731,5000.0,US,USD,2011-12-02,2012-01-22,publishing,nonfiction,51,2011,12,Friday,1
732,40.0,GB,GBP,2013-07-31,2013-09-29,publishing,nonfiction,60,2013,7,Wednesday,1
733,2500.0,GB,GBP,2013-11-20,2013-12-20,publishing,nonfiction,30,2013,11,Wednesday,1
734,8500.0,CA,CAD,2015-04-08,2015-05-09,publishing,nonfiction,31,2015,4,Wednesday,1
735,47000.0,US,USD,2014-11-03,2014-12-04,publishing,nonfiction,31,2014,11,Monday,1
736,3600.0,US,USD,2013-11-01,2013-11-21,publishing,nonfiction,20,2013,11,Friday,1
737,5000.0,US,USD,2014-01-28,2014-02-14,publishing,nonfiction,17,2014,1,Tuesday,1
738,1500.0,US,USD,2014-10-31,2014-12-01,publishing,nonfiction,31,2014,10,Friday,1
739,6000.0,US,USD,2014-07-09,2014-08-11,publishing,nonfiction,33,2014,7,Wednesday,1
740,3000.0,US,USD,2015-06-07,2015-06-21,publishing,nonfiction,14,2015,6,Sunday,1
741,13000.0,US,USD,2013-05-07,2013-06-11,publishing,nonfiction,35,2013,5,Tuesday,1
742,1400.0,US,USD,2014-02-19,2014-03-21,publishing,nonfiction,30,2014,2,Wednesday,1
743,550.0,US,USD,2012-03-22,2012-04-16,publishing,nonfiction,25,2012,3,Thursday,1
744,5000.0,US,USD,2012-11-13,2012-12-13,publishing,nonfiction,30,2012,11,Tuesday,1
745,2220.0,US,USD,2013-04-03,2013-05-03,publishing,nonfiction,30,2013,4,Wednesday,1
746,2987.0,US,USD,2012-09-05,2012-09-23,publishing,nonfiction,18,2012,9,Wednesday,1
747,7000.0,NL,EUR,2014-12-15,2015-01-15,publishing,nonfiction,31,2014,12,Monday,1
748,2000.0,US,USD,2014-07-11,2014-08-10,publishing,nonfiction,30,2014,7,Friday,1
749,10000.0,US,USD,2016-12-29,2017-01-28,publishing,nonfiction,30,2016,12,Thursday,1
750,4444.0,US,USD,2013-01-25,2013-02-24,publishing,nonfiction,30,2013,1,Friday,1
751,3000.0,US,USD,2011-06-19,2011-08-04,publishing,nonfiction,46,2011,6,Sunday,1
752,5000.0,AU,AUD,2016-09-26,2016-10-16,publishing,nonfiction,20,2016,9,Monday,1
753,10000.0,US,USD,2015-01-15,2015-02-14,publishing,nonfiction,30,2015,1,Thursday,1
754,2000.0,US,USD,2012-12-06,2013-01-05,publishing,nonfiction,30,2012,12,Thursday,1
755,2500.0,US,USD,2013-04-19,2013-05-20,publishing,nonfiction,31,2013,4,Friday,1
756,700.0,US,USD,2011-02-16,2011-04-18,publishing,nonfiction,61,2011,2,Wednesday,1
757,250.0,US,USD,2012-11-22,2012-12-06,publishing,nonfiction,14,2012,11,Thursday,1
758,2500.0,US,USD,2010-09-08,2010-10-08,publishing,nonfiction,30,2010,9,Wednesday,1
759,5000.0,GB,GBP,2014-05-30,2014-07-09,publishing,nonfiction,40,2014,5,Friday,1
760,2200.0,US,USD,2016-10-27,2016-11-26,publishing,fiction,30,2016,10,Thursday,0
761,5000.0,US,USD,2014-01-03,2014-02-02,publishing,fiction,30,2014,1,Friday,0
762,3500.0,MX,MXN,2016-11-16,2016-12-04,publishing,fiction,18,2016,11,Wednesday,0
763,4290.0,GB,GBP,2013-07-16,2013-08-15,publishing,fiction,30,2013,7,Tuesday,0
764,5000.0,US,USD,2015-08-11,2015-09-10,publishing,fiction,30,2015,8,Tuesday,0
765,7000.0,US,USD,2014-09-19,2014-10-19,publishing,fiction,30,2014,9,Friday,0
766,4000.0,CA,CAD,2015-01-17,2015-02-16,publishing,fiction,30,2015,1,Saturday,0
767,5000.0,US,USD,2015-04-21,2015-05-21,publishing,fiction,30,2015,4,Tuesday,0
768,2500.0,US,USD,2013-11-16,2013-12-16,publishing,fiction,30,2013,11,Saturday,0
769,4000.0,US,USD,2013-11-26,2013-12-26,publishing,fiction,30,2013,11,Tuesday,0
770,17500.0,US,USD,2013-01-15,2013-02-24,publishing,fiction,40,2013,1,Tuesday,0
771,38000.0,US,USD,2015-12-11,2016-01-30,publishing,fiction,50,2015,12,Friday,0
772,1500.0,US,USD,2009-09-12,2009-11-01,publishing,fiction,50,2009,9,Saturday,0
773,3759.0,GB,GBP,2015-04-06,2015-05-10,publishing,fiction,34,2015,4,Monday,0
774,500.0,US,USD,2014-01-24,2014-02-23,publishing,fiction,30,2014,1,Friday,0
775,10000.0,US,USD,2011-11-16,2011-12-16,publishing,fiction,30,2011,11,Wednesday,0
776,7000.0,US,USD,2015-09-03,2015-10-11,publishing,fiction,38,2015,9,Thursday,0
777,3000.0,US,USD,2013-07-01,2013-07-31,publishing,fiction,30,2013,7,Monday,0
778,500.0,US,USD,2014-03-31,2014-04-30,publishing,fiction,30,2014,3,Monday,0
779,15000.0,US,USD,2010-09-15,2010-10-15,publishing,fiction,30,2010,9,Wednesday,0
780,1000.0,US,USD,2011-04-03,2011-05-03,music,rock,30,2011,4,Sunday,1
781,800.0,US,USD,2013-05-09,2013-06-08,music,rock,30,2013,5,Thursday,1
782,700.0,US,USD,2012-07-26,2012-08-25,music,rock,30,2012,7,Thursday,1
783,1500.0,US,USD,2012-03-19,2012-04-27,music,rock,39,2012,3,Monday,1
784,1000.0,US,USD,2014-02-05,2014-03-17,music,rock,40,2014,2,Wednesday,1
785,500.0,US,USD,2013-01-29,2013-02-28,music,rock,30,2013,1,Tuesday,1
786,5000.0,US,USD,2012-03-15,2012-05-11,music,rock,57,2012,3,Thursday,1
787,1200.0,US,USD,2013-10-02,2013-11-01,music,rock,30,2013,10,Wednesday,1
788,1000.0,US,USD,2012-05-30,2012-07-07,music,rock,38,2012,5,Wednesday,1
789,1700.0,US,USD,2013-01-03,2013-01-21,music,rock,18,2013,1,Thursday,1
790,10000.0,US,USD,2013-01-02,2013-02-01,music,rock,30,2013,1,Wednesday,1
791,7500.0,US,USD,2013-10-10,2013-11-13,music,rock,34,2013,10,Thursday,1
792,2500.0,US,USD,2013-10-08,2013-11-07,music,rock,30,2013,10,Tuesday,1
793,2750.0,US,USD,2013-06-17,2013-07-03,music,rock,16,2013,6,Monday,1
794,8000.0,US,USD,2011-07-12,2011-09-05,music,rock,55,2011,7,Tuesday,1
795,14000.0,US,USD,2012-02-24,2012-04-07,music,rock,43,2012,2,Friday,1
796,10000.0,US,USD,2013-08-16,2013-09-15,music,rock,30,2013,8,Friday,1
797,3000.0,US,USD,2012-03-28,2012-04-29,music,rock,32,2012,3,Wednesday,1
798,3500.0,US,USD,2014-08-31,2014-09-30,music,rock,30,2014,8,Sunday,1
799,5000.0,US,USD,2012-03-28,2012-04-27,music,rock,30,2012,3,Wednesday,1
800,1500.0,GB,GBP,2014-08-12,2014-09-11,music,rock,30,2014,8,Tuesday,1
801,2000.0,US,USD,2011-06-01,2011-07-01,music,rock,30,2011,6,Wednesday,1
802,6000.0,US,USD,2012-08-02,2012-09-17,music,rock,46,2012,8,Thursday,1
803,2300.0,US,USD,2011-05-02,2011-05-29,music,rock,27,2011,5,Monday,1
804,5500.0,US,USD,2011-07-06,2011-07-23,music,rock,17,2011,7,Wednesday,1
805,3000.0,US,USD,2011-05-27,2011-07-16,music,rock,50,2011,5,Friday,1
806,8000.0,US,USD,2011-08-08,2011-09-07,music,rock,30,2011,8,Monday,1
807,4000.0,US,USD,2017-01-24,2017-03-01,music,rock,36,2017,1,Tuesday,1
808,4500.0,CA,CAD,2014-11-19,2014-12-22,music,rock,33,2014,11,Wednesday,1
809,4000.0,US,USD,2013-12-20,2014-01-19,music,rock,30,2013,12,Friday,1
810,1500.0,US,USD,2012-08-02,2012-09-01,music,rock,30,2012,8,Thursday,1
811,1000.0,US,USD,2013-06-18,2013-07-10,music,rock,22,2013,6,Tuesday,1
812,600.0,US,USD,2013-01-08,2013-03-01,music,rock,52,2013,1,Tuesday,1
813,1500.0,US,USD,2012-06-20,2012-07-20,music,rock,30,2012,6,Wednesday,1
814,1000.0,US,USD,2011-05-16,2011-05-31,music,rock,15,2011,5,Monday,1
815,4000.0,US,USD,2014-10-02,2014-11-01,music,rock,30,2014,10,Thursday,1
816,7000.0,US,USD,2013-03-08,2013-04-09,music,rock,32,2013,3,Friday,1
817,1500.0,US,USD,2012-01-17,2012-03-11,music,rock,54,2012,1,Tuesday,1
818,350.0,US,USD,2012-07-30,2012-08-07,music,rock,8,2012,7,Monday,1
819,400.0,US,USD,2013-12-11,2013-12-21,music,rock,10,2013,12,Wednesday,1
820,2000.0,US,USD,2014-05-09,2014-06-09,music,rock,31,2014,5,Friday,1
821,17482.0,US,USD,2015-03-30,2015-05-04,music,rock,35,2015,3,Monday,1
822,3000.0,US,USD,2012-09-05,2012-10-05,music,rock,30,2012,9,Wednesday,1
823,800.0,US,USD,2015-02-20,2015-03-22,music,rock,30,2015,2,Friday,1
824,1600.0,US,USD,2010-03-13,2010-04-18,music,rock,36,2010,3,Saturday,1
825,12500.0,US,USD,2012-10-04,2012-10-29,music,rock,25,2012,10,Thursday,1
826,5500.0,US,USD,2012-03-05,2012-03-25,music,rock,20,2012,3,Monday,1
827,300.0,US,USD,2012-01-19,2012-02-14,music,rock,26,2012,1,Thursday,1
828,1300.0,US,USD,2012-06-13,2012-06-25,music,rock,12,2012,6,Wednesday,1
829,500.0,GB,GBP,2016-05-14,2016-07-13,music,rock,60,2016,5,Saturday,1
830,1800.0,US,USD,2013-02-20,2013-03-22,music,rock,30,2013,2,Wednesday,1
831,1500.0,US,USD,2012-03-28,2012-04-27,music,rock,30,2012,3,Wednesday,1
832,15000.0,US,USD,2011-11-22,2012-01-21,music,rock,60,2011,11,Tuesday,1
833,6000.0,US,USD,2014-03-20,2014-04-19,music,rock,30,2014,3,Thursday,1
834,5500.0,US,USD,2013-05-28,2013-07-01,music,rock,34,2013,5,Tuesday,1
835,2000.0,US,USD,2012-04-06,2012-05-19,music,rock,43,2012,4,Friday,1
836,5000.0,US,USD,2013-09-07,2013-10-07,music,rock,30,2013,9,Saturday,1
837,2500.0,US,USD,2014-04-01,2014-05-01,music,rock,30,2014,4,Tuesday,1
838,2000.0,US,USD,2011-12-18,2012-01-17,music,rock,30,2011,12,Sunday,1
839,5000.0,US,USD,2012-08-23,2012-09-22,music,rock,30,2012,8,Thursday,1
840,10000.0,US,USD,2016-08-25,2016-09-24,music,metal,30,2016,8,Thursday,1
841,5000.0,US,USD,2014-10-11,2014-11-10,music,metal,30,2014,10,Saturday,1
842,2500.0,CA,CAD,2013-09-09,2013-10-14,music,metal,35,2013,9,Monday,1
843,3000.0,US,USD,2016-11-21,2016-12-08,music,metal,17,2016,11,Monday,1
844,3000.0,US,USD,2014-09-23,2014-11-01,music,metal,39,2014,9,Tuesday,1
845,5000.0,US,USD,2016-07-27,2016-09-05,music,metal,40,2016,7,Wednesday,1
846,1100.0,GB,GBP,2014-02-24,2014-03-10,music,metal,14,2014,2,Monday,1
847,10.0,US,USD,2015-06-10,2015-07-10,music,metal,30,2015,6,Wednesday,1
848,300.0,US,USD,2015-03-15,2015-04-14,music,metal,30,2015,3,Sunday,1
849,4000.0,US,USD,2015-02-16,2015-03-16,music,metal,28,2015,2,Monday,1
850,4000.0,US,USD,2016-03-23,2016-04-25,music,metal,33,2016,3,Wednesday,1
851,2000.0,FR,EUR,2016-06-01,2016-07-31,music,metal,60,2016,6,Wednesday,1
852,3500.0,US,USD,2016-10-13,2016-10-24,music,metal,11,2016,10,Thursday,1
853,300.0,US,USD,2015-01-17,2015-02-16,music,metal,30,2015,1,Saturday,1
854,27800.0,US,USD,2016-11-28,2016-12-28,music,metal,30,2016,11,Monday,1
855,1450.0,US,USD,2016-06-24,2016-07-24,music,metal,30,2016,6,Friday,1
856,250.0,DE,EUR,2016-08-27,2016-10-25,music,metal,59,2016,8,Saturday,1
857,1200.0,ES,EUR,2015-10-14,2015-11-25,music,metal,42,2015,10,Wednesday,1
858,1200.0,GB,GBP,2015-03-16,2015-04-15,music,metal,30,2015,3,Monday,1
859,4000.0,US,USD,2015-05-04,2015-06-04,music,metal,31,2015,5,Monday,1
860,14000.0,US,USD,2013-10-23,2013-11-22,music,jazz,30,2013,10,Wednesday,0
861,4500.0,US,USD,2016-08-17,2016-09-16,music,jazz,30,2016,8,Wednesday,0
862,50000.0,GB,GBP,2013-10-12,2013-11-11,music,jazz,30,2013,10,Saturday,0
863,2000.0,US,USD,2012-01-13,2012-02-12,music,jazz,30,2012,1,Friday,0
864,6500.0,US,USD,2013-09-24,2013-10-16,music,jazz,22,2013,9,Tuesday,0
865,2200.0,US,USD,2012-11-17,2013-01-16,music,jazz,60,2012,11,Saturday,0
866,3500.0,US,USD,2015-01-21,2015-02-28,music,jazz,38,2015,1,Wednesday,0
867,5000.0,US,USD,2009-10-02,2009-12-01,music,jazz,60,2009,10,Friday,0
868,45000.0,US,USD,2013-12-08,2014-01-07,music,jazz,30,2013,12,Sunday,0
869,8800.0,US,USD,2013-03-09,2013-04-08,music,jazz,30,2013,3,Saturday,0
870,20000.0,GB,GBP,2013-08-02,2013-09-01,music,jazz,30,2013,8,Friday,0
871,6000.0,US,USD,2013-10-30,2013-11-29,music,jazz,30,2013,10,Wednesday,0
872,8000.0,US,USD,2011-01-24,2011-03-10,music,jazz,45,2011,1,Monday,0
873,3500.0,US,USD,2012-10-02,2012-11-11,music,jazz,40,2012,10,Tuesday,0
874,3000.0,US,USD,2013-04-04,2013-05-04,music,jazz,30,2013,4,Thursday,0
875,5000.0,US,USD,2015-09-01,2015-09-21,music,jazz,20,2015,9,Tuesday,0
876,3152.0,GB,GBP,2013-01-02,2013-02-04,music,jazz,33,2013,1,Wednesday,0
877,2000.0,US,USD,2013-11-19,2013-12-19,music,jazz,30,2013,11,Tuesday,0
878,5000.0,US,USD,2010-11-23,2010-12-23,music,jazz,30,2010,11,Tuesday,0
879,2100.0,US,USD,2012-05-08,2012-05-29,music,jazz,21,2012,5,Tuesday,0
880,3780.0,US,USD,2012-09-27,2012-10-30,music,indie rock,33,2012,9,Thursday,0
881,3750.0,US,USD,2011-11-30,2012-01-14,music,indie rock,45,2011,11,Wednesday,0
882,1500.0,US,USD,2011-08-04,2011-09-06,music,indie rock,33,2011,8,Thursday,0
883,5000.0,US,USD,2016-01-02,2016-03-02,music,indie rock,60,2016,1,Saturday,0
884,2000.0,US,USD,2012-03-13,2012-05-12,music,indie rock,60,2012,3,Tuesday,0
885,1000.0,US,USD,2016-12-09,2016-12-30,music,indie rock,21,2016,12,Friday,0
886,500.0,US,USD,2016-08-21,2016-09-15,music,indie rock,25,2016,8,Sunday,0
887,1000.0,US,USD,2012-04-27,2012-05-27,music,indie rock,30,2012,4,Friday,0
888,1000.0,US,USD,2011-07-27,2011-09-01,music,indie rock,36,2011,7,Wednesday,0
889,25000.0,US,USD,2014-09-05,2014-10-05,music,indie rock,30,2014,9,Friday,0
890,3000.0,US,USD,2013-10-22,2013-11-21,music,indie rock,30,2013,10,Tuesday,0
891,8000.0,US,USD,2014-07-22,2014-08-21,music,indie rock,30,2014,7,Tuesday,0
892,6000.0,US,USD,2010-05-06,2010-08-01,music,indie rock,87,2010,5,Thursday,0
893,2000.0,US,USD,2015-03-02,2015-04-01,music,indie rock,30,2015,3,Monday,0
894,20000.0,US,USD,2016-05-06,2016-06-05,music,indie rock,30,2016,5,Friday,0
895,8000.0,US,USD,2010-09-10,2010-10-25,music,indie rock,45,2010,9,Friday,0
896,8000.0,US,USD,2015-08-02,2015-08-28,music,indie rock,26,2015,8,Sunday,0
897,3000.0,US,USD,2012-10-29,2012-11-28,music,indie rock,30,2012,10,Monday,0
898,2500.0,US,USD,2011-12-01,2012-01-15,music,indie rock,45,2011,12,Thursday,0
899,750.0,US,USD,2011-04-13,2011-05-28,music,indie rock,45,2011,4,Wednesday,0
900,5000.0,US,USD,2016-02-29,2016-03-30,music,jazz,30,2016,2,Monday,0
901,6500.0,US,USD,2010-04-23,2010-06-08,music,jazz,46,2010,4,Friday,0
902,30000.0,US,USD,2014-07-09,2014-08-30,music,jazz,52,2014,7,Wednesday,0
903,5000.0,US,USD,2012-08-28,2012-09-23,music,jazz,26,2012,8,Tuesday,0
904,50000.0,US,USD,2015-12-04,2016-01-03,music,jazz,30,2015,12,Friday,0
905,6500.0,US,USD,2010-11-25,2011-01-24,music,jazz,60,2010,11,Thursday,0
906,15000.0,US,USD,2014-02-11,2014-03-13,music,jazz,30,2014,2,Tuesday,0
907,2900.0,US,USD,2011-08-12,2011-09-11,music,jazz,30,2011,8,Friday,0
908,2500.0,US,USD,2010-06-11,2010-07-27,music,jazz,46,2010,6,Friday,0
909,16000.0,US,USD,2012-06-21,2012-07-23,music,jazz,32,2012,6,Thursday,0
910,550.0,GB,GBP,2017-01-02,2017-03-03,music,jazz,60,2017,1,Monday,0
911,100000.0,US,USD,2014-01-03,2014-01-24,music,jazz,21,2014,1,Friday,0
912,3500.0,US,USD,2012-10-12,2012-12-11,music,jazz,60,2012,10,Friday,0
913,30000.0,US,USD,2012-04-05,2012-05-05,music,jazz,30,2012,4,Thursday,0
914,1500.0,US,USD,2012-07-26,2012-08-25,music,jazz,30,2012,7,Thursday,0
915,6500.0,US,USD,2012-01-29,2012-03-01,music,jazz,32,2012,1,Sunday,0
916,3300.0,US,USD,2010-09-13,2010-10-22,music,jazz,39,2010,9,Monday,0
917,5000.0,US,USD,2014-06-12,2014-07-14,music,jazz,32,2014,6,Thursday,0
918,3900.0,GB,GBP,2014-11-01,2014-12-01,music,jazz,30,2014,11,Saturday,0
919,20000.0,US,USD,2012-11-14,2012-12-19,music,jazz,35,2012,11,Wednesday,0
920,5500.0,US,USD,2013-10-15,2013-11-14,music,jazz,30,2013,10,Tuesday,0
921,15000.0,US,USD,2011-10-31,2011-12-12,music,jazz,42,2011,10,Monday,0
922,27000.0,US,USD,2014-08-27,2014-10-01,music,jazz,35,2014,8,Wednesday,0
923,15000.0,US,USD,2014-10-22,2014-11-22,music,jazz,31,2014,10,Wednesday,0
924,3000.0,US,USD,2013-01-14,2013-02-13,music,jazz,30,2013,1,Monday,0
925,6000.0,US,USD,2013-10-28,2013-11-27,music,jazz,30,2013,10,Monday,0
926,7000.0,US,USD,2010-06-09,2010-07-08,music,jazz,29,2010,6,Wednesday,0
927,20000.0,US,USD,2012-04-14,2012-05-14,music,jazz,30,2012,4,Saturday,0
928,14500.0,US,USD,2012-09-28,2012-11-18,music,jazz,51,2012,9,Friday,0
929,500.0,US,USD,2012-03-10,2012-04-09,music,jazz,30,2012,3,Saturday,0
930,900.0,US,USD,2010-05-14,2010-06-25,music,jazz,42,2010,5,Friday,0
931,2000.0,GB,GBP,2014-02-10,2014-03-16,music,jazz,34,2014,2,Monday,0
932,9500.0,US,USD,2013-02-05,2013-03-22,music,jazz,45,2013,2,Tuesday,0
933,2000.0,US,USD,2014-03-13,2014-05-12,music,jazz,60,2014,3,Thursday,0
934,5000.0,CA,CAD,2014-04-04,2014-05-04,music,jazz,30,2014,4,Friday,0
935,3500.0,US,USD,2015-12-30,2016-01-29,music,jazz,30,2015,12,Wednesday,0
936,1400.0,US,USD,2011-12-06,2012-01-18,music,jazz,43,2011,12,Tuesday,0
937,3500.0,US,USD,2013-10-04,2013-11-03,music,jazz,30,2013,10,Friday,0
938,7000.0,US,USD,2012-08-03,2012-09-02,music,jazz,30,2012,8,Friday,0
939,2750.0,US,USD,2013-05-22,2013-06-30,music,jazz,39,2013,5,Wednesday,0
940,9000.0,US,USD,2015-06-27,2015-08-11,technology,wearables,45,2015,6,Saturday,0
941,50000.0,US,USD,2017-01-11,2017-02-10,technology,wearables,30,2017,1,Wednesday,0
942,7500.0,US,USD,2016-01-13,2016-02-18,technology,wearables,36,2016,1,Wednesday,0
943,3000.0,US,USD,2016-10-30,2016-11-29,technology,wearables,30,2016,10,Sunday,0
944,50000.0,US,USD,2016-03-15,2016-04-18,technology,wearables,34,2016,3,Tuesday,0
945,100000.0,FR,EUR,2016-12-28,2017-02-18,technology,wearables,52,2016,12,Wednesday,0
946,15000.0,US,USD,2016-08-10,2016-09-09,technology,wearables,30,2016,8,Wednesday,0
947,850.0,US,USD,2016-05-01,2016-06-30,technology,wearables,60,2016,5,Sunday,0
948,4000.0,NL,EUR,2016-02-11,2016-03-12,technology,wearables,30,2016,2,Thursday,0
949,20000.0,DE,EUR,2015-12-23,2016-02-21,technology,wearables,60,2015,12,Wednesday,0
950,5000.0,CA,CAD,2015-12-18,2016-01-17,technology,wearables,30,2015,12,Friday,0
951,50000.0,US,USD,2016-04-20,2016-06-04,technology,wearables,45,2016,4,Wednesday,0
952,49000.0,US,USD,2016-10-19,2016-11-18,technology,wearables,30,2016,10,Wednesday,0
953,15000.0,US,USD,2014-12-26,2015-01-25,technology,wearables,30,2014,12,Friday,0
954,15000.0,US,USD,2015-07-09,2015-08-20,technology,wearables,42,2015,7,Thursday,0
955,300000.0,US,USD,2016-08-04,2016-09-13,technology,wearables,40,2016,8,Thursday,0
956,50000.0,US,USD,2015-02-25,2015-04-26,technology,wearables,60,2015,2,Wednesday,0
957,12000.0,US,USD,2016-10-17,2016-11-17,technology,wearables,31,2016,10,Monday,0
958,7777.0,US,USD,2015-03-19,2015-04-10,technology,wearables,22,2015,3,Thursday,0
959,50000.0,US,USD,2014-12-20,2015-01-19,technology,wearables,30,2014,12,Saturday,0
960,55650.0,US,USD,2017-01-31,2017-03-14,technology,wearables,42,2017,1,Tuesday,0
961,95000.0,US,USD,2017-01-05,2017-02-20,technology,wearables,46,2017,1,Thursday,0
962,2500.0,US,USD,2016-01-04,2016-02-11,technology,wearables,38,2016,1,Monday,0
963,35000.0,US,USD,2016-09-12,2016-10-17,technology,wearables,35,2016,9,Monday,0
964,110000.0,CA,CAD,2015-07-23,2015-09-01,technology,wearables,40,2015,7,Thursday,0
965,25000.0,US,USD,2016-09-24,2016-10-26,technology,wearables,32,2016,9,Saturday,0
966,12000.0,US,USD,2016-09-06,2016-10-06,technology,wearables,30,2016,9,Tuesday,0
967,20000.0,US,USD,2016-02-22,2016-04-22,technology,wearables,60,2016,2,Monday,0
968,8000.0,US,USD,2014-07-16,2014-08-15,technology,wearables,30,2014,7,Wednesday,0
969,30000.0,MX,MXN,2017-01-07,2017-02-09,technology,wearables,33,2017,1,Saturday,0
970,5000.0,CA,CAD,2016-12-17,2017-01-23,technology,wearables,37,2016,12,Saturday,0
971,100000.0,US,USD,2015-04-17,2015-06-01,technology,wearables,45,2015,4,Friday,0
972,20000.0,US,USD,2014-08-05,2014-09-04,technology,wearables,30,2014,8,Tuesday,0
973,20000.0,US,USD,2015-09-10,2015-11-09,technology,wearables,60,2015,9,Thursday,0
974,50000.0,US,USD,2016-02-24,2016-03-25,technology,wearables,30,2016,2,Wednesday,0
975,100000.0,US,USD,2016-04-29,2016-06-28,technology,wearables,60,2016,4,Friday,0
976,150000.0,AU,AUD,2015-06-30,2015-08-14,technology,wearables,45,2015,6,Tuesday,0
977,2700.0,AT,EUR,2016-01-22,2016-02-21,technology,wearables,30,2016,1,Friday,0
978,172889.0,SE,SEK,2016-01-26,2016-02-25,technology,wearables,30,2016,1,Tuesday,0
979,35000.0,US,USD,2016-05-16,2016-06-20,technology,wearables,35,2016,5,Monday,0
980,10000.0,US,USD,2014-10-16,2014-11-30,technology,wearables,45,2014,10,Thursday,0
981,88888.0,US,USD,2014-07-10,2014-08-09,technology,wearables,30,2014,7,Thursday,0
982,17500.0,US,USD,2016-09-02,2016-10-02,technology,wearables,30,2016,9,Friday,0
983,104219.0,ES,EUR,2016-07-23,2016-08-23,technology,wearables,31,2016,7,Saturday,0
984,10000.0,US,USD,2015-02-26,2015-03-28,technology,wearables,30,2015,2,Thursday,0
985,30000.0,DE,EUR,2015-12-01,2015-12-31,technology,wearables,30,2015,12,Tuesday,0
986,20000.0,GB,GBP,2015-11-16,2016-01-10,technology,wearables,55,2015,11,Monday,0
987,50000.0,NL,EUR,2014-05-14,2014-06-23,technology,wearables,40,2014,5,Wednesday,0
988,5000.0,IT,EUR,2016-09-01,2016-10-01,technology,wearables,30,2016,9,Thursday,0
989,10000.0,US,USD,2016-08-29,2016-09-28,technology,wearables,30,2016,8,Monday,0
990,25000.0,US,USD,2014-08-04,2014-09-03,technology,wearables,30,2014,8,Monday,0
991,5000.0,GB,GBP,2016-06-17,2016-07-12,technology,wearables,25,2016,6,Friday,0
992,100000.0,US,USD,2016-03-08,2016-05-07,technology,wearables,60,2016,3,Tuesday,0
993,70000.0,US,USD,2016-10-09,2016-11-12,technology,wearables,34,2016,10,Sunday,0
994,200000.0,US,USD,2014-10-09,2014-11-30,technology,wearables,52,2014,10,Thursday,0
995,10000.0,US,USD,2014-11-04,2014-11-29,technology,wearables,25,2014,11,Tuesday,0
996,4000.0,US,USD,2014-06-27,2014-07-27,technology,wearables,30,2014,6,Friday,0
997,5000.0,US,USD,2014-10-29,2014-11-28,technology,wearables,30,2014,10,Wednesday,0
998,60000.0,CA,CAD,2015-10-05,2015-11-19,technology,wearables,45,2015,10,Monday,0
999,150000.0,CA,CAD,2014-10-14,2014-11-13,technology,wearables,30,2014,10,Tuesday,0
1020,1550.0,CA,CAD,2015-05-03,2015-06-02,music,electronic music,30,2015,5,Sunday,1
1021,3000.0,US,USD,2015-09-24,2015-10-17,music,electronic music,23,2015,9,Thursday,1
1022,2000.0,US,USD,2015-04-17,2015-05-17,music,electronic music,30,2015,4,Friday,1
1023,2000.0,GB,GBP,2015-05-21,2015-06-20,music,electronic music,30,2015,5,Thursday,1
1024,20000.0,SE,SEK,2016-01-01,2016-01-31,music,electronic music,30,2016,1,Friday,1
1025,70000.0,US,USD,2015-02-14,2015-03-16,music,electronic music,30,2015,2,Saturday,1
1026,7000.0,GB,GBP,2016-02-26,2016-03-31,music,electronic music,34,2016,2,Friday,1
1027,7501.0,US,USD,2014-09-23,2014-10-23,music,electronic music,30,2014,9,Tuesday,1
1028,10000.0,GB,GBP,2017-01-20,2017-03-06,music,electronic music,45,2017,1,Friday,1
1029,10000.0,SE,SEK,2015-02-09,2015-04-04,music,electronic music,54,2015,2,Monday,1
1030,2000.0,US,USD,2016-08-29,2016-09-12,music,electronic music,14,2016,8,Monday,1
1031,10000.0,US,USD,2015-11-16,2015-12-16,music,electronic music,30,2015,11,Monday,1
1032,5400.0,US,USD,2016-05-24,2016-06-23,music,electronic music,30,2016,5,Tuesday,1
1033,1328.0,GB,GBP,2016-11-14,2016-12-12,music,electronic music,28,2016,11,Monday,1
1034,5000.0,US,USD,2016-07-04,2016-08-05,music,electronic music,32,2016,7,Monday,1
1035,4600.0,US,USD,2015-01-12,2015-02-11,music,electronic music,30,2015,1,Monday,1
1036,4500.0,US,USD,2012-12-06,2013-01-07,music,electronic music,32,2012,12,Thursday,1
1037,1000.0,US,USD,2015-04-25,2015-05-18,music,electronic music,23,2015,4,Saturday,1
1038,1500.0,US,USD,2016-02-18,2016-03-19,music,electronic music,30,2016,2,Thursday,1
1039,500.0,US,USD,2016-11-18,2016-12-13,music,electronic music,25,2016,11,Friday,1
1064,90000.0,US,USD,2013-05-23,2013-07-07,games,video games,45,2013,5,Thursday,0
1065,3000.0,AU,AUD,2014-01-22,2014-02-19,games,video games,28,2014,1,Wednesday,0
1066,150000.0,US,USD,2013-06-20,2013-08-04,games,video games,45,2013,6,Thursday,0
1067,500.0,US,USD,2013-11-21,2013-12-21,games,video games,30,2013,11,Thursday,0
1068,30000.0,US,USD,2016-03-11,2016-04-10,games,video games,30,2016,3,Friday,0
1069,2200.0,US,USD,2013-10-25,2013-11-26,games,video games,32,2013,10,Friday,0
1070,10000.0,US,USD,2012-09-11,2012-10-01,games,video games,20,2012,9,Tuesday,0
1071,100.0,NO,NOK,2015-10-18,2015-11-17,games,video games,30,2015,10,Sunday,0
1072,75000.0,US,USD,2014-01-06,2014-02-05,games,video games,30,2014,1,Monday,0
1073,750.0,US,USD,2011-09-16,2011-10-16,games,video games,30,2011,9,Friday,0
1074,54000.0,US,USD,2013-12-05,2014-01-04,games,video games,30,2013,12,Thursday,0
1075,1000.0,US,USD,2012-04-06,2012-05-06,games,video games,30,2012,4,Friday,0
1076,75000.0,US,USD,2014-07-18,2014-09-11,games,video games,55,2014,7,Friday,0
1077,25000.0,US,USD,2015-12-15,2016-01-14,games,video games,30,2015,12,Tuesday,0
1078,600.0,US,USD,2011-06-07,2011-07-22,games,video games,45,2011,6,Tuesday,0
1079,26000.0,DE,EUR,2016-04-19,2016-05-14,games,video games,25,2016,4,Tuesday,0
1080,20000.0,US,USD,2014-04-11,2014-05-11,games,video games,30,2014,4,Friday,0
1081,68000.0,US,USD,2014-12-29,2015-01-28,games,video games,30,2014,12,Monday,0
1082,10000.0,US,USD,2012-07-11,2012-08-10,games,video games,30,2012,7,Wednesday,0
1083,50000.0,CA,CAD,2014-06-03,2014-08-02,games,video games,60,2014,6,Tuesday,0
1084,550.0,US,USD,2014-07-09,2014-08-08,games,video games,30,2014,7,Wednesday,0
1085,30000.0,CA,CAD,2016-02-13,2016-03-14,games,video games,30,2016,2,Saturday,0
1086,18000.0,US,USD,2014-07-25,2014-08-24,games,video games,30,2014,7,Friday,0
1087,1100.0,US,USD,2014-05-16,2014-06-15,games,video games,30,2014,5,Friday,0
1088,45000.0,US,USD,2014-03-25,2014-04-24,games,video games,30,2014,3,Tuesday,0
1089,15000.0,FR,EUR,2015-05-27,2015-06-26,games,video games,30,2015,5,Wednesday,0
1090,12999.0,AU,AUD,2015-04-29,2015-05-29,games,video games,30,2015,4,Wednesday,0
1091,200.0,GB,GBP,2016-03-11,2016-04-10,games,video games,30,2016,3,Friday,0
1092,2000.0,US,USD,2012-12-07,2013-01-06,games,video games,30,2012,12,Friday,0
1093,300.0,CA,CAD,2016-01-27,2016-02-11,games,video games,15,2016,1,Wednesday,0
1094,18000.0,US,USD,2011-09-09,2011-10-09,games,video games,30,2011,9,Friday,0
1095,500000.0,US,USD,2013-07-31,2013-08-30,games,video games,30,2013,7,Wednesday,0
1096,12000.0,US,USD,2014-09-03,2014-10-04,games,video games,31,2014,9,Wednesday,0
1097,100000.0,US,USD,2014-01-21,2014-03-02,games,video games,40,2014,1,Tuesday,0
1098,25000.0,US,USD,2014-03-14,2014-04-13,games,video games,30,2014,3,Friday,0
1099,5000.0,GB,GBP,2015-04-13,2015-05-13,games,video games,30,2015,4,Monday,0
1100,4000.0,DE,EUR,2016-01-15,2016-02-14,games,video games,30,2016,1,Friday,0
1101,100000.0,US,USD,2016-06-17,2016-07-14,games,video games,27,2016,6,Friday,0
1102,8000.0,US,USD,2013-10-30,2013-12-09,games,video games,40,2013,10,Wednesday,0
1103,15000.0,US,USD,2016-04-19,2016-06-18,games,video games,60,2016,4,Tuesday,0
1104,60000.0,GB,GBP,2014-05-12,2014-06-11,games,video games,30,2014,5,Monday,0
1105,900000.0,US,USD,2014-02-22,2014-03-24,games,video games,30,2014,2,Saturday,0
1106,400.0,US,USD,2012-03-05,2012-04-04,games,video games,30,2012,3,Monday,0
1107,10000.0,US,USD,2014-06-23,2014-07-23,games,video games,30,2014,6,Monday,0
1108,25000.0,US,USD,2012-02-13,2012-04-13,games,video games,60,2012,2,Monday,0
1109,10000.0,US,USD,2016-10-19,2016-11-18,games,video games,30,2016,10,Wednesday,0
1110,50000.0,US,USD,2012-11-07,2012-12-07,games,video games,30,2012,11,Wednesday,0
1111,2500.0,US,USD,2015-12-09,2016-01-08,games,video games,30,2015,12,Wednesday,0
1112,88000.0,US,USD,2014-11-20,2015-01-19,games,video games,60,2014,11,Thursday,0
1113,1000.0,GB,GBP,2014-07-15,2014-08-14,games,video games,30,2014,7,Tuesday,0
1114,6000.0,GB,GBP,2013-09-09,2013-10-09,games,video games,30,2013,9,Monday,0
1115,40000.0,US,USD,2016-02-29,2016-03-30,games,video games,30,2016,2,Monday,0
1116,500000.0,US,USD,2012-04-10,2012-06-09,games,video games,60,2012,4,Tuesday,0
1117,1000.0,DE,EUR,2015-11-25,2015-12-25,games,video games,30,2015,11,Wednesday,0
1118,4500.0,AU,AUD,2014-03-06,2014-04-05,games,video games,30,2014,3,Thursday,0
1119,2100.0,US,USD,2014-03-24,2014-04-06,games,video games,13,2014,3,Monday,0
1120,25000.0,US,USD,2011-09-13,2011-10-28,games,video games,45,2011,9,Tuesday,0
1121,250000.0,US,USD,2016-02-12,2016-03-13,games,video games,30,2016,2,Friday,0
1122,3200.0,GB,GBP,2013-05-16,2013-05-30,games,video games,14,2013,5,Thursday,0
1123,5000.0,US,USD,2014-03-20,2014-04-19,games,video games,30,2014,3,Thursday,0
1124,90000.0,US,USD,2015-03-31,2015-04-30,games,mobile games,30,2015,3,Tuesday,0
1125,3000.0,GB,GBP,2015-07-27,2015-09-25,games,mobile games,60,2015,7,Monday,0
1126,2000.0,US,USD,2016-06-14,2016-07-14,games,mobile games,30,2016,6,Tuesday,0
1127,35000.0,US,USD,2014-10-14,2014-11-14,games,mobile games,31,2014,10,Tuesday,0
1128,1000.0,GB,GBP,2014-07-08,2014-08-07,games,mobile games,30,2014,7,Tuesday,0
1129,20000.0,US,USD,2016-05-06,2016-06-05,games,mobile games,30,2016,5,Friday,0
1130,5000.0,US,USD,2014-09-26,2014-11-26,games,mobile games,61,2014,9,Friday,0
1131,40000.0,AU,AUD,2015-11-24,2015-12-24,games,mobile games,30,2015,11,Tuesday,0
1132,10000.0,CA,CAD,2016-12-02,2017-01-01,games,mobile games,30,2016,12,Friday,0
1133,3000.0,GB,GBP,2014-07-01,2014-07-31,games,mobile games,30,2014,7,Tuesday,0
1134,25000.0,AU,AUD,2014-11-15,2014-11-29,games,mobile games,14,2014,11,Saturday,0
1135,1000.0,DE,EUR,2016-07-07,2016-08-06,games,mobile games,30,2016,7,Thursday,0
1136,4190.0,FR,EUR,2015-11-19,2015-12-19,games,mobile games,30,2015,11,Thursday,0
1137,25000.0,US,USD,2016-03-24,2016-04-23,games,mobile games,30,2016,3,Thursday,0
1138,35000.0,US,USD,2017-01-01,2017-01-21,games,mobile games,20,2017,1,Sunday,0
1139,8000.0,US,USD,2014-12-02,2015-01-01,games,mobile games,30,2014,12,Tuesday,0
1140,5000.0,GB,GBP,2015-07-07,2015-08-06,games,mobile games,30,2015,7,Tuesday,0
1141,500.0,DE,EUR,2015-06-09,2015-07-09,games,mobile games,30,2015,6,Tuesday,0
1142,4000.0,US,USD,2015-01-18,2015-02-17,games,mobile games,30,2015,1,Sunday,0
1143,45000.0,US,USD,2015-11-17,2015-12-17,games,mobile games,30,2015,11,Tuesday,0
1144,9300.0,US,USD,2015-03-30,2015-04-29,food,food trucks,30,2015,3,Monday,0
1145,80000.0,US,USD,2014-08-03,2014-10-02,food,food trucks,60,2014,8,Sunday,0
1146,6000.0,US,USD,2014-03-25,2014-05-02,food,food trucks,38,2014,3,Tuesday,0
1147,25000.0,CA,CAD,2014-08-20,2014-10-19,food,food trucks,60,2014,8,Wednesday,0
1148,15000.0,US,USD,2016-11-01,2016-12-01,food,food trucks,30,2016,11,Tuesday,0
1149,50000.0,US,USD,2016-05-17,2016-06-16,food,food trucks,30,2016,5,Tuesday,0
1150,2500.0,US,USD,2015-11-09,2016-01-08,food,food trucks,60,2015,11,Monday,0
1151,25000.0,US,USD,2015-08-08,2015-09-07,food,food trucks,30,2015,8,Saturday,0
1152,16000.0,US,USD,2015-04-15,2015-05-15,food,food trucks,30,2015,4,Wednesday,0
1153,8000.0,US,USD,2015-05-19,2015-06-18,food,food trucks,30,2015,5,Tuesday,0
1154,5000.0,US,USD,2015-08-07,2015-09-06,food,food trucks,30,2015,8,Friday,0
1155,25000.0,US,USD,2014-07-15,2014-08-14,food,food trucks,30,2014,7,Tuesday,0
1156,6500.0,US,USD,2015-01-25,2015-02-24,food,food trucks,30,2015,1,Sunday,0
1157,10000.0,US,USD,2014-10-06,2014-12-05,food,food trucks,60,2014,10,Monday,0
1158,7500.0,US,USD,2014-11-09,2014-12-09,food,food trucks,30,2014,11,Sunday,0
1159,6750.0,US,USD,2015-05-30,2015-06-30,food,food trucks,31,2015,5,Saturday,0
1160,30000.0,US,USD,2015-02-26,2015-03-28,food,food trucks,30,2015,2,Thursday,0
1161,18000.0,US,USD,2015-04-28,2015-05-19,food,food trucks,21,2015,4,Tuesday,0
1162,60000.0,US,USD,2014-08-25,2014-09-25,food,food trucks,31,2014,8,Monday,0
1163,5200.0,US,USD,2014-07-10,2014-08-09,food,food trucks,30,2014,7,Thursday,0
1164,10000.0,US,USD,2016-05-19,2016-06-18,food,food trucks,30,2016,5,Thursday,0
1165,10000.0,US,USD,2014-06-02,2014-07-06,food,food trucks,34,2014,6,Monday,0
1166,15000.0,US,USD,2015-05-26,2015-06-26,food,food trucks,31,2015,5,Tuesday,0
1167,60000.0,US,USD,2014-08-12,2014-09-12,food,food trucks,31,2014,8,Tuesday,0
1168,18000.0,US,USD,2016-08-23,2016-09-22,food,food trucks,30,2016,8,Tuesday,0
1169,10000.0,US,USD,2015-01-23,2015-02-22,food,food trucks,30,2015,1,Friday,0
1170,25000.0,GB,GBP,2015-04-30,2015-05-30,food,food trucks,30,2015,4,Thursday,0
1171,25000.0,US,USD,2014-10-26,2014-11-13,food,food trucks,18,2014,10,Sunday,0
1172,9000.0,US,USD,2014-07-21,2014-08-20,food,food trucks,30,2014,7,Monday,0
1173,125000.0,US,USD,2015-06-29,2015-08-03,food,food trucks,35,2015,6,Monday,0
1174,15000.0,US,USD,2016-04-08,2016-05-08,food,food trucks,30,2016,4,Friday,0
1175,20000.0,US,USD,2015-06-15,2015-07-15,food,food trucks,30,2015,6,Monday,0
1176,175000.0,AU,AUD,2017-01-11,2017-03-06,food,food trucks,54,2017,1,Wednesday,0
1177,6000.0,GB,GBP,2014-09-15,2014-10-15,food,food trucks,30,2014,9,Monday,0
1178,75000.0,US,USD,2014-07-17,2014-08-16,food,food trucks,30,2014,7,Thursday,0
1179,60000.0,CA,CAD,2015-09-28,2015-10-28,food,food trucks,30,2015,9,Monday,0
1180,50000.0,US,USD,2014-05-22,2014-06-28,food,food trucks,37,2014,5,Thursday,0
1181,50000.0,US,USD,2015-01-30,2015-03-01,food,food trucks,30,2015,1,Friday,0
1182,1000.0,US,USD,2016-12-24,2017-01-12,food,food trucks,19,2016,12,Saturday,0
1183,2500.0,US,USD,2016-10-13,2016-11-02,food,food trucks,20,2016,10,Thursday,0
1184,22000.0,GB,GBP,2017-01-06,2017-02-06,photography,photobooks,31,2017,1,Friday,1
1185,12500.0,US,USD,2015-05-06,2015-06-08,photography,photobooks,33,2015,5,Wednesday,1
1186,7500.0,GB,GBP,2015-04-29,2015-06-01,photography,photobooks,33,2015,4,Wednesday,1
1187,8750.0,US,USD,2015-04-15,2015-05-17,photography,photobooks,32,2015,4,Wednesday,1
1188,2000.0,CA,CAD,2016-12-07,2016-12-28,photography,photobooks,21,2016,12,Wednesday,1
1189,9000.0,US,USD,2016-06-08,2016-06-29,photography,photobooks,21,2016,6,Wednesday,1
1190,500.0,US,USD,2014-08-01,2014-08-31,photography,photobooks,30,2014,8,Friday,1
1191,2700.0,US,USD,2016-02-19,2016-03-20,photography,photobooks,30,2016,2,Friday,1
1192,100.0,GB,GBP,2017-01-12,2017-02-11,photography,photobooks,30,2017,1,Thursday,1
1193,21000.0,US,USD,2016-02-09,2016-04-09,photography,photobooks,60,2016,2,Tuesday,1
1194,12500.0,IE,EUR,2015-03-09,2015-04-08,photography,photobooks,30,2015,3,Monday,1
1195,10000.0,IT,EUR,2015-10-21,2015-12-20,photography,photobooks,60,2015,10,Wednesday,1
1196,14500.0,GB,GBP,2015-11-18,2015-12-18,photography,photobooks,30,2015,11,Wednesday,1
1197,15000.0,US,USD,2016-05-13,2016-06-13,photography,photobooks,31,2016,5,Friday,1
1198,3500.0,US,USD,2015-11-25,2015-12-31,photography,photobooks,36,2015,11,Wednesday,1
1199,2658.0,GB,GBP,2015-06-06,2015-07-08,photography,photobooks,32,2015,6,Saturday,1
1200,4800.0,US,USD,2015-03-26,2015-04-16,photography,photobooks,21,2015,3,Thursday,1
1201,6000.0,GB,GBP,2016-06-15,2016-07-15,photography,photobooks,30,2016,6,Wednesday,1
1202,25000.0,AU,AUD,2015-05-28,2015-06-27,photography,photobooks,30,2015,5,Thursday,1
1203,16300.0,US,USD,2015-05-01,2015-05-31,photography,photobooks,30,2015,5,Friday,1
1204,13000.0,US,USD,2015-10-20,2015-12-04,photography,photobooks,45,2015,10,Tuesday,1
1205,13000.0,DE,EUR,2015-05-14,2015-06-13,photography,photobooks,30,2015,5,Thursday,1
1206,900.0,AT,EUR,2017-02-06,2017-03-11,photography,photobooks,33,2017,2,Monday,1
1207,16700.0,IT,EUR,2016-03-01,2016-03-31,photography,photobooks,30,2016,3,Tuesday,1
1208,10000.0,US,USD,2016-02-23,2016-03-24,photography,photobooks,30,2016,2,Tuesday,1
1209,6000.0,US,USD,2017-01-26,2017-02-25,photography,photobooks,30,2017,1,Thursday,1
1210,20000.0,SE,SEK,2015-05-08,2015-05-31,photography,photobooks,23,2015,5,Friday,1
1211,1000.0,CA,CAD,2016-05-25,2016-06-09,photography,photobooks,15,2016,5,Wednesday,1
1212,2500.0,US,USD,2015-11-10,2015-11-27,photography,photobooks,17,2015,11,Tuesday,1
1213,6500.0,GB,GBP,2016-12-27,2017-01-31,photography,photobooks,35,2016,12,Tuesday,1
1214,2000.0,US,USD,2015-04-10,2015-06-09,photography,photobooks,60,2015,4,Friday,1
1215,5000.0,US,USD,2014-04-30,2014-05-30,photography,photobooks,30,2014,4,Wednesday,1
1216,14000.0,US,USD,2015-08-31,2015-10-02,photography,photobooks,32,2015,8,Monday,1
1217,26500.0,US,USD,2016-06-14,2016-07-14,photography,photobooks,30,2016,6,Tuesday,1
1218,9000.0,US,USD,2015-10-01,2015-11-01,photography,photobooks,31,2015,10,Thursday,1
1219,16350.0,US,USD,2016-09-20,2016-10-20,photography,photobooks,30,2016,9,Tuesday,1
1220,15000.0,DE,EUR,2015-07-26,2015-08-25,photography,photobooks,30,2015,7,Sunday,1
1221,2200.0,GB,GBP,2016-11-06,2016-12-04,photography,photobooks,28,2016,11,Sunday,1
1222,4000.0,CA,CAD,2016-03-01,2016-04-01,photography,photobooks,31,2016,3,Tuesday,1
1223,19800.0,US,USD,2016-10-11,2016-11-10,photography,photobooks,30,2016,10,Tuesday,1
1244,2000.0,US,USD,2013-03-22,2013-04-22,music,rock,31,2013,3,Friday,1
1245,2000.0,US,USD,2014-05-15,2014-06-14,music,rock,30,2014,5,Thursday,1
1246,2000.0,US,USD,2011-10-22,2011-12-06,music,rock,45,2011,10,Saturday,1
1247,3500.0,US,USD,2013-04-06,2013-05-06,music,rock,30,2013,4,Saturday,1
1248,2500.0,US,USD,2014-05-08,2014-06-13,music,rock,36,2014,5,Thursday,1
1249,5000.0,US,USD,2012-06-07,2012-07-07,music,rock,30,2012,6,Thursday,1
1250,30000.0,US,USD,2014-07-23,2014-09-06,music,rock,45,2014,7,Wednesday,1
1251,6000.0,US,USD,2011-07-27,2011-09-25,music,rock,60,2011,7,Wednesday,1
1252,3500.0,US,USD,2013-09-26,2013-10-24,music,rock,28,2013,9,Thursday,1
1253,10.0,US,USD,2014-08-04,2014-09-03,music,rock,30,2014,8,Monday,1
1254,6700.0,US,USD,2010-11-05,2011-01-01,music,rock,57,2010,11,Friday,1
1255,3000.0,US,USD,2013-11-01,2013-12-01,music,rock,30,2013,11,Friday,1
1256,30000.0,US,USD,2012-01-13,2012-02-12,music,rock,30,2012,1,Friday,1
1257,5500.0,US,USD,2011-02-13,2011-04-03,music,rock,49,2011,2,Sunday,1
1258,12000.0,US,USD,2013-08-01,2013-08-31,music,rock,30,2013,8,Thursday,1
1259,2500.0,US,USD,2014-05-07,2014-06-09,music,rock,33,2014,5,Wednesday,1
1260,3300.0,US,USD,2014-01-27,2014-02-26,music,rock,30,2014,1,Monday,1
1261,2000.0,US,USD,2013-12-30,2014-01-29,music,rock,30,2013,12,Monday,1
1262,6500.0,CA,CAD,2014-01-17,2014-02-16,music,rock,30,2014,1,Friday,1
1263,1500.0,US,USD,2014-02-22,2014-03-29,music,rock,35,2014,2,Saturday,1
1264,650.0,US,USD,2013-09-30,2013-10-29,music,rock,29,2013,9,Monday,1
1265,3500.0,US,USD,2010-10-14,2010-11-30,music,rock,47,2010,10,Thursday,1
1266,9500.0,US,USD,2013-12-12,2014-01-11,music,rock,30,2013,12,Thursday,1
1267,22000.0,US,USD,2013-06-24,2013-07-24,music,rock,30,2013,6,Monday,1
1268,12000.0,US,USD,2013-08-21,2013-09-20,music,rock,30,2013,8,Wednesday,1
1269,18800.0,US,USD,2016-03-16,2016-04-16,music,rock,31,2016,3,Wednesday,1
1270,10000.0,US,USD,2012-01-25,2012-03-25,music,rock,60,2012,1,Wednesday,1
1271,7500.0,US,USD,2013-10-14,2013-11-13,music,rock,30,2013,10,Monday,1
1272,5000.0,US,USD,2010-04-06,2010-06-15,music,rock,70,2010,4,Tuesday,1
1273,4000.0,CA,CAD,2014-08-01,2014-08-31,music,rock,30,2014,8,Friday,1
1274,25000.0,US,USD,2012-07-26,2012-08-30,music,rock,35,2012,7,Thursday,1
1275,15000.0,US,USD,2013-07-03,2013-08-07,music,rock,35,2013,7,Wednesday,1
1276,3000.0,US,USD,2009-07-13,2009-09-01,music,rock,50,2009,7,Monday,1
1277,15000.0,US,USD,2012-07-31,2012-09-04,music,rock,35,2012,7,Tuesday,1
1278,6500.0,US,USD,2014-05-27,2014-06-25,music,rock,29,2014,5,Tuesday,1
1279,12516.0,US,USD,2014-02-12,2014-03-24,music,rock,40,2014,2,Wednesday,1
1280,15000.0,US,USD,2010-12-01,2011-03-01,music,rock,90,2010,12,Wednesday,1
1281,7000.0,US,USD,2013-07-08,2013-07-28,music,rock,20,2013,7,Monday,1
1282,15000.0,US,USD,2013-11-08,2013-12-09,music,rock,31,2013,11,Friday,1
1283,1000.0,US,USD,2013-02-15,2013-03-11,music,rock,24,2013,2,Friday,1
1284,2000.0,US,USD,2016-12-08,2016-12-31,theater,plays,23,2016,12,Thursday,1
1285,2000.0,GB,GBP,2015-06-05,2015-06-20,theater,plays,15,2015,6,Friday,1
1286,1500.0,GB,GBP,2015-02-04,2015-02-17,theater,plays,13,2015,2,Wednesday,1
1287,250.0,GB,GBP,2015-04-13,2015-06-12,theater,plays,60,2015,4,Monday,1
1288,4000.0,US,USD,2016-07-10,2016-08-10,theater,plays,31,2016,7,Sunday,1
1289,1500.0,US,USD,2016-12-05,2017-01-04,theater,plays,30,2016,12,Monday,1
1290,3500.0,US,USD,2015-03-23,2015-04-23,theater,plays,31,2015,3,Monday,1
1291,3000.0,US,USD,2015-03-01,2015-04-07,theater,plays,37,2015,3,Sunday,1
1292,1700.0,GB,GBP,2015-09-09,2015-10-06,theater,plays,27,2015,9,Wednesday,1
1293,15000.0,US,USD,2015-10-15,2015-11-14,theater,plays,30,2015,10,Thursday,1
1294,500.0,GB,GBP,2015-10-01,2015-10-19,theater,plays,18,2015,10,Thursday,1
1295,2500.0,GB,GBP,2015-06-29,2015-07-29,theater,plays,30,2015,6,Monday,1
1296,850.0,GB,GBP,2016-02-23,2016-03-14,theater,plays,20,2016,2,Tuesday,1
1297,20000.0,US,USD,2016-04-01,2016-05-01,theater,plays,30,2016,4,Friday,1
1298,2000.0,GB,GBP,2016-03-29,2016-04-28,theater,plays,30,2016,3,Tuesday,1
1299,3500.0,US,USD,2015-06-14,2015-07-14,theater,plays,30,2015,6,Sunday,1
1300,3000.0,US,USD,2016-04-23,2016-06-01,theater,plays,39,2016,4,Saturday,1
1301,2000.0,US,USD,2015-07-10,2015-07-21,theater,plays,11,2015,7,Friday,1
1302,2500.0,US,USD,2016-11-01,2016-12-01,theater,plays,30,2016,11,Tuesday,1
1303,3500.0,GB,GBP,2016-07-15,2016-07-31,theater,plays,16,2016,7,Friday,1
1344,1500.0,CA,CAD,2016-06-01,2016-06-30,publishing,nonfiction,29,2016,6,Wednesday,1
1345,300.0,US,USD,2014-06-09,2014-07-14,publishing,nonfiction,35,2014,6,Monday,1
1346,4900.0,US,USD,2013-05-28,2013-06-27,publishing,nonfiction,30,2013,5,Tuesday,1
1347,2500.0,US,USD,2015-02-05,2015-03-07,publishing,nonfiction,30,2015,2,Thursday,1
1348,5875.0,US,USD,2014-11-20,2014-12-18,publishing,nonfiction,28,2014,11,Thursday,1
1349,5000.0,CA,CAD,2015-11-09,2015-12-16,publishing,nonfiction,37,2015,11,Monday,1
1350,5000.0,US,USD,2015-11-26,2015-12-26,publishing,nonfiction,30,2015,11,Thursday,1
1351,20000.0,US,USD,2016-01-13,2016-02-12,publishing,nonfiction,30,2016,1,Wednesday,1
1352,10000.0,US,USD,2015-07-15,2015-09-05,publishing,nonfiction,52,2015,7,Wednesday,1
1353,1000.0,US,USD,2013-02-04,2013-03-11,publishing,nonfiction,35,2013,2,Monday,1
1354,1200.0,GB,GBP,2016-05-12,2016-06-11,publishing,nonfiction,30,2016,5,Thursday,1
1355,2500.0,GB,GBP,2012-10-31,2012-11-30,publishing,nonfiction,30,2012,10,Wednesday,1
1356,3400.0,US,USD,2013-06-05,2013-07-05,publishing,nonfiction,30,2013,6,Wednesday,1
1357,2000.0,US,USD,2013-01-30,2013-03-01,publishing,nonfiction,30,2013,1,Wednesday,1
1358,3000.0,US,USD,2011-05-26,2011-06-25,publishing,nonfiction,30,2011,5,Thursday,1
1359,660.0,US,USD,2011-05-05,2011-07-06,publishing,nonfiction,62,2011,5,Thursday,1
1360,1500.0,US,USD,2012-07-05,2012-08-02,publishing,nonfiction,28,2012,7,Thursday,1
1361,6000.0,GB,GBP,2014-05-22,2014-06-21,publishing,nonfiction,30,2014,5,Thursday,1
1362,1000.0,US,USD,2013-07-09,2013-09-07,publishing,nonfiction,60,2013,7,Tuesday,1
1363,200.0,US,USD,2016-01-27,2016-02-15,publishing,nonfiction,19,2016,1,Wednesday,1
1364,42000.0,DK,DKK,2014-11-08,2015-01-07,music,rock,60,2014,11,Saturday,1
1365,7500.0,US,USD,2015-02-14,2015-03-16,music,rock,30,2015,2,Saturday,1
1366,7500.0,US,USD,2014-10-12,2014-11-27,music,rock,46,2014,10,Sunday,1
1367,5000.0,US,USD,2015-10-15,2015-11-14,music,rock,30,2015,10,Thursday,1
1368,5000.0,US,USD,2015-05-22,2015-06-15,music,rock,24,2015,5,Friday,1
1369,32360.0,US,USD,2014-03-12,2014-04-11,music,rock,30,2014,3,Wednesday,1
1370,1500.0,US,USD,2013-10-01,2013-10-16,music,rock,15,2013,10,Tuesday,1
1371,6999.0,US,USD,2015-04-07,2015-05-07,music,rock,30,2015,4,Tuesday,1
1372,500.0,US,USD,2012-06-12,2012-07-12,music,rock,30,2012,6,Tuesday,1
1373,10000.0,US,USD,2016-11-30,2016-12-30,music,rock,30,2016,11,Wednesday,1
1374,1500.0,US,USD,2016-02-24,2016-03-25,music,rock,30,2016,2,Wednesday,1
1375,4000.0,FR,EUR,2016-12-16,2017-01-15,music,rock,30,2016,12,Friday,1
1376,3700.0,GB,GBP,2016-11-03,2016-12-03,music,rock,30,2016,11,Thursday,1
1377,1300.0,US,USD,2017-01-12,2017-02-03,music,rock,22,2017,1,Thursday,1
1378,2000.0,GB,GBP,2016-07-17,2016-08-01,music,rock,15,2016,7,Sunday,1
1379,10000.0,US,USD,2015-05-06,2015-06-05,music,rock,30,2015,5,Wednesday,1
1380,25.0,US,USD,2015-05-17,2015-06-09,music,rock,23,2015,5,Sunday,1
1381,5000.0,US,USD,2016-11-29,2016-12-29,music,rock,30,2016,11,Tuesday,1
1382,8000.0,US,USD,2013-04-06,2013-05-06,music,rock,30,2013,4,Saturday,1
1383,2200.0,CA,CAD,2016-12-03,2016-12-23,music,rock,20,2016,12,Saturday,1
1384,3500.0,US,USD,2015-06-05,2015-07-05,music,rock,30,2015,6,Friday,1
1385,8000.0,DE,EUR,2016-03-04,2016-04-29,music,rock,56,2016,3,Friday,1
1386,400.0,US,USD,2015-06-29,2015-07-29,music,rock,30,2015,6,Monday,1
1387,4000.0,US,USD,2015-05-02,2015-06-03,music,rock,32,2015,5,Saturday,1
1388,5000.0,US,USD,2016-09-21,2016-10-17,music,rock,26,2016,9,Wednesday,1
1389,500.0,GB,GBP,2016-07-14,2016-08-13,music,rock,30,2016,7,Thursday,1
1390,2800.0,US,USD,2015-03-24,2015-04-27,music,rock,34,2015,3,Tuesday,1
1391,500.0,US,USD,2015-07-08,2015-08-22,music,rock,45,2015,7,Wednesday,1
1392,2500.0,US,USD,2016-02-01,2016-03-03,music,rock,31,2016,2,Monday,1
1393,10000.0,US,USD,2016-07-02,2016-08-01,music,rock,30,2016,7,Saturday,1
1394,750.0,US,USD,2017-01-17,2017-03-01,music,rock,43,2017,1,Tuesday,1
1395,3500.0,US,USD,2016-12-15,2017-01-14,music,rock,30,2016,12,Thursday,1
1396,6000.0,US,USD,2015-01-14,2015-02-13,music,rock,30,2015,1,Wednesday,1
1397,10000.0,US,USD,2016-09-27,2016-10-27,music,rock,30,2016,9,Tuesday,1
1398,4400.0,US,USD,2016-06-05,2016-07-05,music,rock,30,2016,6,Sunday,1
1399,9000.0,US,USD,2014-09-07,2014-10-07,music,rock,30,2014,9,Sunday,1
1400,350.0,GB,GBP,2016-05-08,2016-06-12,music,rock,35,2016,5,Sunday,1
1401,2500.0,US,USD,2013-05-05,2013-05-26,music,rock,21,2013,5,Sunday,1
1402,2500.0,GB,GBP,2015-03-02,2015-05-01,music,rock,60,2015,3,Monday,1
1403,4000.0,US,USD,2013-06-26,2013-07-26,music,rock,30,2013,6,Wednesday,1
1404,14500.0,GB,GBP,2015-01-28,2015-02-22,publishing,translations,25,2015,1,Wednesday,0
1405,25000.0,US,USD,2014-10-29,2014-11-28,publishing,translations,30,2014,10,Wednesday,0
1406,12000.0,IT,EUR,2015-10-20,2015-12-12,publishing,translations,53,2015,10,Tuesday,0
1407,3000.0,US,USD,2014-07-18,2014-08-12,publishing,translations,25,2014,7,Friday,0
1408,1000.0,GB,GBP,2015-10-14,2015-11-13,publishing,translations,30,2015,10,Wednesday,0
1409,4000.0,US,USD,2014-11-02,2015-01-01,publishing,translations,60,2014,11,Sunday,0
1410,6000.0,IT,EUR,2016-04-19,2016-06-03,publishing,translations,45,2016,4,Tuesday,0
1411,3000.0,GB,GBP,2015-01-09,2015-02-06,publishing,translations,28,2015,1,Friday,0
1412,7000.0,US,USD,2014-11-04,2014-12-04,publishing,translations,30,2014,11,Tuesday,0
1413,2000.0,IT,EUR,2015-12-22,2016-02-20,publishing,translations,60,2015,12,Tuesday,0
1414,500.0,US,USD,2016-12-04,2017-01-03,publishing,translations,30,2016,12,Sunday,0
1415,4400.0,US,USD,2015-07-07,2015-08-16,publishing,translations,40,2015,7,Tuesday,0
1416,50000.0,US,USD,2015-10-22,2015-11-21,publishing,translations,30,2015,10,Thursday,0
1417,4500.0,US,USD,2015-08-16,2015-09-15,publishing,translations,30,2015,8,Sunday,0
1418,3000.0,ES,EUR,2016-01-26,2016-02-25,publishing,translations,30,2016,1,Tuesday,0
1419,6300.0,US,USD,2016-09-09,2016-10-09,publishing,translations,30,2016,9,Friday,0
1420,110.0,US,USD,2016-06-03,2016-06-28,publishing,translations,25,2016,6,Friday,0
1421,200000.0,SE,SEK,2015-01-09,2015-02-08,publishing,translations,30,2015,1,Friday,0
1422,25000.0,NZ,NZD,2016-08-22,2016-09-21,publishing,translations,30,2016,8,Monday,0
1423,30000.0,AU,AUD,2015-12-02,2016-01-01,publishing,translations,30,2015,12,Wednesday,0
1424,7500.0,US,USD,2016-11-02,2016-11-15,publishing,translations,13,2016,11,Wednesday,0
1425,13000.0,US,USD,2015-03-30,2015-04-29,publishing,translations,30,2015,3,Monday,0
1426,1000.0,DE,EUR,2015-06-25,2015-08-24,publishing,translations,60,2015,6,Thursday,0
1427,5000.0,DE,EUR,2016-08-19,2016-09-18,publishing,translations,30,2016,8,Friday,0
1428,1000.0,ES,EUR,2016-03-03,2016-04-02,publishing,translations,30,2016,3,Thursday,0
1429,10000.0,US,USD,2015-03-11,2015-04-10,publishing,translations,30,2015,3,Wednesday,0
1430,5000.0,US,USD,2014-11-18,2014-12-19,publishing,translations,31,2014,11,Tuesday,0
1431,17000.0,US,USD,2015-10-27,2015-11-26,publishing,translations,30,2015,10,Tuesday,0
1432,40000.0,US,USD,2015-06-20,2015-07-20,publishing,translations,30,2015,6,Saturday,0
1433,12000.0,IT,EUR,2016-10-30,2016-12-10,publishing,translations,41,2016,10,Sunday,0
1434,82000.0,DK,DKK,2015-05-18,2015-06-08,publishing,translations,21,2015,5,Monday,0
1435,15000.0,IT,EUR,2015-09-11,2015-10-11,publishing,translations,30,2015,9,Friday,0
1436,10000.0,DE,EUR,2016-01-22,2016-02-21,publishing,translations,30,2016,1,Friday,0
1437,3000.0,US,USD,2014-06-06,2014-07-13,publishing,translations,37,2014,6,Friday,0
1438,20000.0,DK,DKK,2016-03-28,2016-04-27,publishing,translations,30,2016,3,Monday,0
1439,2725.0,CA,CAD,2015-02-05,2015-03-07,publishing,translations,30,2015,2,Thursday,0
1440,13000.0,IT,EUR,2016-04-26,2016-05-26,publishing,translations,30,2016,4,Tuesday,0
1441,180000.0,GB,GBP,2015-07-13,2015-09-11,publishing,translations,60,2015,7,Monday,0
1442,1500.0,US,USD,2016-04-25,2016-05-25,publishing,translations,30,2016,4,Monday,0
1443,13000.0,FR,EUR,2016-12-03,2017-01-02,publishing,translations,30,2016,12,Saturday,0
1444,4950.0,DE,EUR,2015-07-14,2015-09-12,publishing,translations,60,2015,7,Tuesday,0
1445,130000.0,DE,EUR,2015-05-15,2015-06-14,publishing,translations,30,2015,5,Friday,0
1446,900.0,IT,EUR,2016-04-01,2016-04-21,publishing,translations,20,2016,4,Friday,0
1447,500000.0,US,USD,2016-06-08,2016-07-08,publishing,translations,30,2016,6,Wednesday,0
1448,200000.0,AU,AUD,2015-04-21,2015-05-22,publishing,translations,31,2015,4,Tuesday,0
1449,8888.0,US,USD,2015-03-23,2015-05-10,publishing,translations,48,2015,3,Monday,0
1450,100000.0,US,USD,2016-01-21,2016-02-20,publishing,translations,30,2016,1,Thursday,0
1461,15000.0,US,USD,2014-09-17,2014-10-21,publishing,radio & podcasts,34,2014,9,Wednesday,1
1462,4000.0,US,USD,2013-03-11,2013-04-10,publishing,radio & podcasts,30,2013,3,Monday,1
1463,600.0,US,USD,2013-02-21,2013-04-07,publishing,radio & podcasts,45,2013,2,Thursday,1
1464,5000.0,US,USD,2013-01-17,2013-02-16,publishing,radio & podcasts,30,2013,1,Thursday,1
1465,30000.0,US,USD,2012-02-20,2012-03-22,publishing,radio & podcasts,31,2012,2,Monday,1
1466,16000.0,US,USD,2015-12-02,2016-01-12,publishing,radio & podcasts,41,2015,12,Wednesday,1
1467,40000.0,US,USD,2012-01-25,2012-03-25,publishing,radio & podcasts,60,2012,1,Wednesday,1
1468,9500.0,US,USD,2011-04-13,2011-06-12,publishing,radio & podcasts,60,2011,4,Wednesday,1
1469,44250.0,US,USD,2013-01-16,2013-02-15,publishing,radio & podcasts,30,2013,1,Wednesday,1
1470,1500.0,US,USD,2012-12-07,2012-12-28,publishing,radio & podcasts,21,2012,12,Friday,1
1471,32000.0,US,USD,2015-03-10,2015-04-09,publishing,radio & podcasts,30,2015,3,Tuesday,1
1472,25000.0,US,USD,2013-09-16,2013-10-16,publishing,radio & podcasts,30,2013,9,Monday,1
1473,1500.0,US,USD,2012-01-31,2012-03-01,publishing,radio & podcasts,30,2012,1,Tuesday,1
1474,3000.0,US,USD,2013-08-14,2013-09-13,publishing,radio & podcasts,30,2013,8,Wednesday,1
1475,15000.0,US,USD,2014-11-17,2014-12-20,publishing,radio & podcasts,33,2014,11,Monday,1
1476,6000.0,US,USD,2011-08-11,2011-09-10,publishing,radio & podcasts,30,2011,8,Thursday,1
1477,30000.0,US,USD,2011-10-24,2011-12-23,publishing,radio & podcasts,60,2011,10,Monday,1
1478,50000.0,US,USD,2013-04-30,2013-05-14,publishing,radio & podcasts,14,2013,4,Tuesday,1
1479,1600.0,US,USD,2014-04-25,2014-05-10,publishing,radio & podcasts,15,2014,4,Friday,1
1480,50000.0,US,USD,2013-07-09,2013-07-26,publishing,radio & podcasts,17,2013,7,Tuesday,1
1481,5000.0,CA,CAD,2013-10-03,2013-11-02,publishing,fiction,30,2013,10,Thursday,0
1482,5000.0,US,USD,2012-08-15,2012-09-07,publishing,fiction,23,2012,8,Wednesday,0
1483,7000.0,US,USD,2016-06-27,2016-07-22,publishing,fiction,25,2016,6,Monday,0
1484,2000.0,US,USD,2012-05-24,2012-07-21,publishing,fiction,58,2012,5,Thursday,0
1485,6700.0,US,USD,2015-05-06,2015-06-20,publishing,fiction,45,2015,5,Wednesday,0
1486,20000.0,US,USD,2015-01-28,2015-02-27,publishing,fiction,30,2015,1,Wednesday,0
1487,10000.0,US,USD,2016-07-03,2016-08-02,publishing,fiction,30,2016,7,Sunday,0
1488,15000.0,AU,AUD,2013-12-06,2014-01-05,publishing,fiction,30,2013,12,Friday,0
1489,5000.0,US,USD,2012-10-16,2012-11-15,publishing,fiction,30,2012,10,Tuesday,0
1490,2900.0,US,USD,2013-09-03,2013-10-02,publishing,fiction,29,2013,9,Tuesday,0
1491,1200.0,US,USD,2014-12-18,2015-02-15,publishing,fiction,59,2014,12,Thursday,0
1492,4000.0,US,USD,2011-05-19,2011-06-18,publishing,fiction,30,2011,5,Thursday,0
1493,2400.0,US,USD,2013-05-17,2013-06-16,publishing,fiction,30,2013,5,Friday,0
1494,5000.0,US,USD,2015-03-04,2015-04-03,publishing,fiction,30,2015,3,Wednesday,0
1495,2000.0,US,USD,2011-07-28,2011-08-27,publishing,fiction,30,2011,7,Thursday,0
1496,1500.0,US,USD,2014-07-18,2014-09-16,publishing,fiction,60,2014,7,Friday,0
1497,15000.0,US,USD,2013-06-19,2013-07-31,publishing,fiction,42,2013,6,Wednesday,0
1498,3000.0,US,USD,2014-07-20,2014-09-03,publishing,fiction,45,2014,7,Sunday,0
1499,2000.0,US,USD,2016-06-06,2016-08-05,publishing,fiction,60,2016,6,Monday,0
1500,2800.0,US,USD,2013-04-01,2013-05-01,publishing,fiction,30,2013,4,Monday,0
1501,52000.0,CA,CAD,2015-06-08,2015-07-08,photography,photobooks,30,2015,6,Monday,1
1502,22000.0,GB,GBP,2016-02-26,2016-03-25,photography,photobooks,28,2016,2,Friday,1
1503,3750.0,BE,EUR,2016-08-24,2016-10-23,photography,photobooks,60,2016,8,Wednesday,1
1504,6500.0,GB,GBP,2014-05-13,2014-06-10,photography,photobooks,28,2014,5,Tuesday,1
1505,16000.0,DE,EUR,2016-02-14,2016-03-22,photography,photobooks,37,2016,2,Sunday,1
1506,1500.0,GB,GBP,2014-06-24,2014-07-24,photography,photobooks,30,2014,6,Tuesday,1
1507,1200.0,US,USD,2010-03-17,2010-05-15,photography,photobooks,59,2010,3,Wednesday,1
1508,18500.0,US,USD,2014-05-27,2014-06-27,photography,photobooks,31,2014,5,Tuesday,1
1509,17500.0,DE,EUR,2017-01-16,2017-02-14,photography,photobooks,29,2017,1,Monday,1
1510,16000.0,GB,GBP,2014-06-19,2014-07-19,photography,photobooks,30,2014,6,Thursday,1
1511,14000.0,US,USD,2015-10-19,2015-11-18,photography,photobooks,30,2015,10,Monday,1
1512,3500.0,US,USD,2017-01-06,2017-02-05,photography,photobooks,30,2017,1,Friday,1
1513,8000.0,GB,GBP,2014-06-16,2014-07-16,photography,photobooks,30,2014,6,Monday,1
1514,25000.0,US,USD,2015-08-18,2015-09-27,photography,photobooks,40,2015,8,Tuesday,1
1515,300000.0,NO,NOK,2016-02-15,2016-03-16,photography,photobooks,30,2016,2,Monday,1
1516,17000.0,US,USD,2016-09-06,2016-10-06,photography,photobooks,30,2016,9,Tuesday,1
1517,15000.0,US,USD,2014-11-05,2014-12-06,photography,photobooks,31,2014,11,Wednesday,1
1518,15000.0,US,USD,2014-05-01,2014-05-31,photography,photobooks,30,2014,5,Thursday,1
1519,9000.0,US,USD,2014-05-23,2014-06-20,photography,photobooks,28,2014,5,Friday,1
1520,18000.0,US,USD,2014-11-12,2014-12-19,photography,photobooks,37,2014,11,Wednesday,1
1521,37500.0,US,USD,2016-05-03,2016-06-07,photography,photobooks,35,2016,5,Tuesday,1
1522,43500.0,US,USD,2014-09-17,2014-10-17,photography,photobooks,30,2014,9,Wednesday,1
1523,18500.0,US,USD,2014-11-21,2014-12-23,photography,photobooks,32,2014,11,Friday,1
1524,3000.0,SE,SEK,2017-01-21,2017-02-20,photography,photobooks,30,2017,1,Saturday,1
1525,2600.0,US,USD,2016-07-19,2016-08-18,photography,photobooks,30,2016,7,Tuesday,1
1526,23000.0,US,USD,2015-12-01,2016-01-19,photography,photobooks,49,2015,12,Tuesday,1
1527,3500.0,US,USD,2017-02-14,2017-03-14,photography,photobooks,28,2017,2,Tuesday,1
1528,3000.0,US,USD,2017-01-01,2017-02-01,photography,photobooks,31,2017,1,Sunday,1
1529,19000.0,US,USD,2015-02-17,2015-03-19,photography,photobooks,30,2015,2,Tuesday,1
1530,35000.0,US,USD,2015-09-28,2015-10-23,photography,photobooks,25,2015,9,Monday,1
1531,2350.0,US,USD,2014-10-29,2014-12-01,photography,photobooks,33,2014,10,Wednesday,1
1532,5000.0,AU,AUD,2016-01-22,2016-02-15,photography,photobooks,24,2016,1,Friday,1
1533,45000.0,US,USD,2016-03-14,2016-05-02,photography,photobooks,49,2016,3,Monday,1
1534,7500.0,US,USD,2015-08-05,2015-09-04,photography,photobooks,30,2015,8,Wednesday,1
1535,4000.0,US,USD,2016-04-24,2016-05-23,photography,photobooks,29,2016,4,Sunday,1
1536,12000.0,US,USD,2015-07-28,2015-08-27,photography,photobooks,30,2015,7,Tuesday,1
1537,12000.0,DE,EUR,2016-07-01,2016-08-06,photography,photobooks,36,2016,7,Friday,1
1538,7000.0,US,USD,2014-12-08,2015-01-22,photography,photobooks,45,2014,12,Monday,1
1539,20000.0,US,USD,2016-12-01,2017-01-03,photography,photobooks,33,2016,12,Thursday,1
1540,15000.0,US,USD,2014-10-27,2014-11-26,photography,photobooks,30,2014,10,Monday,1
1541,18000.0,US,USD,2014-12-01,2014-12-31,photography,nature,30,2014,12,Monday,0
1542,500.0,CA,CAD,2015-06-15,2015-06-30,photography,nature,15,2015,6,Monday,0
1543,2250.0,US,USD,2014-10-23,2014-11-22,photography,nature,30,2014,10,Thursday,0
1544,1000.0,US,USD,2015-02-18,2015-04-01,photography,nature,42,2015,2,Wednesday,0
1545,3000.0,US,USD,2015-01-27,2015-03-02,photography,nature,34,2015,1,Tuesday,0
1546,1000.0,GB,GBP,2014-07-19,2014-09-17,photography,nature,60,2014,7,Saturday,0
1547,20.0,US,USD,2017-02-16,2017-02-23,photography,nature,7,2017,2,Thursday,0
1548,700.0,US,USD,2015-10-09,2015-11-08,photography,nature,30,2015,10,Friday,0
1549,500.0,US,USD,2015-10-04,2015-11-03,photography,nature,30,2015,10,Sunday,0
1550,750.0,GB,GBP,2016-04-12,2016-05-12,photography,nature,30,2016,4,Tuesday,0
1551,3500.0,US,USD,2015-04-27,2015-05-27,photography,nature,30,2015,4,Monday,0
1552,4300.0,US,USD,2014-09-10,2014-10-01,photography,nature,21,2014,9,Wednesday,0
1553,6000.0,US,USD,2015-08-03,2015-09-02,photography,nature,30,2015,8,Monday,0
1554,20000.0,AU,AUD,2015-07-03,2015-08-02,photography,nature,30,2015,7,Friday,0
1555,750.0,US,USD,2015-08-25,2015-09-17,photography,nature,23,2015,8,Tuesday,0
1556,1500.0,CA,CAD,2016-06-04,2016-07-04,photography,nature,30,2016,6,Saturday,0
1557,2500.0,US,USD,2014-08-20,2014-09-20,photography,nature,31,2014,8,Wednesday,0
1558,750.0,GB,GBP,2015-06-30,2015-08-28,photography,nature,59,2015,6,Tuesday,0
1559,15000.0,US,USD,2015-04-14,2015-04-29,photography,nature,15,2015,4,Tuesday,0
1560,2500.0,US,USD,2014-10-24,2014-11-13,photography,nature,20,2014,10,Friday,0
1581,1000.0,GB,GBP,2015-11-17,2015-12-19,photography,places,32,2015,11,Tuesday,0
1582,1000.0,US,USD,2015-08-30,2015-10-26,photography,places,57,2015,8,Sunday,0
1583,20000.0,GB,GBP,2014-08-26,2014-09-25,photography,places,30,2014,8,Tuesday,0
1584,1200.0,US,USD,2014-05-20,2014-05-30,photography,places,10,2014,5,Tuesday,0
1585,2000.0,CA,CAD,2016-12-03,2016-12-25,photography,places,22,2016,12,Saturday,0
1586,1500.0,US,USD,2015-03-06,2015-04-05,photography,places,30,2015,3,Friday,0
1587,7500.0,US,USD,2014-11-13,2014-12-13,photography,places,30,2014,11,Thursday,0
1588,516.0,US,USD,2015-01-01,2015-01-31,photography,places,30,2015,1,Thursday,0
1589,1200.0,US,USD,2015-09-09,2015-10-09,photography,places,30,2015,9,Wednesday,0
1590,60000.0,IT,EUR,2015-08-24,2015-09-23,photography,places,30,2015,8,Monday,0
1591,14000.0,GB,GBP,2016-03-04,2016-04-03,photography,places,30,2016,3,Friday,0
1592,25.0,US,USD,2015-02-11,2015-03-28,photography,places,45,2015,2,Wednesday,0
1593,22000.0,US,USD,2015-01-29,2015-02-28,photography,places,30,2015,1,Thursday,0
1594,1000.0,US,USD,2016-03-16,2016-05-15,photography,places,60,2016,3,Wednesday,0
1595,100000.0,US,USD,2014-05-21,2014-06-18,photography,places,28,2014,5,Wednesday,0
1596,3250.0,GB,GBP,2014-10-29,2014-12-13,photography,places,45,2014,10,Wednesday,0
1597,15000.0,US,USD,2016-08-21,2016-09-20,photography,places,30,2016,8,Sunday,0
1598,800.0,US,USD,2015-05-27,2015-07-26,photography,places,60,2015,5,Wednesday,0
1599,500.0,GB,GBP,2016-03-09,2016-04-08,photography,places,30,2016,3,Wednesday,0
1600,5000.0,US,USD,2014-06-01,2014-07-15,photography,places,44,2014,6,Sunday,0
1601,2500.0,US,USD,2011-04-05,2011-05-05,music,rock,30,2011,4,Tuesday,1
1602,1500.0,US,USD,2011-09-02,2011-10-14,music,rock,42,2011,9,Friday,1
1603,2000.0,US,USD,2011-11-29,2012-01-28,music,rock,60,2011,11,Tuesday,1
1604,2800.0,US,USD,2012-02-06,2012-03-17,music,rock,40,2012,2,Monday,1
1605,6000.0,US,USD,2011-07-23,2011-08-01,music,rock,9,2011,7,Saturday,1
1606,8000.0,US,USD,2010-12-24,2011-03-24,music,rock,90,2010,12,Friday,1
1607,10000.0,US,USD,2012-05-24,2012-06-14,music,rock,21,2012,5,Thursday,1
1608,1200.0,US,USD,2013-11-29,2014-01-01,music,rock,33,2013,11,Friday,1
1609,1500.0,US,USD,2011-09-10,2011-11-02,music,rock,53,2011,9,Saturday,1
1610,2000.0,US,USD,2012-11-15,2012-12-15,music,rock,30,2012,11,Thursday,1
1611,800.0,US,USD,2013-05-15,2013-06-05,music,rock,21,2013,5,Wednesday,1
1612,500.0,US,USD,2012-12-03,2013-01-02,music,rock,30,2012,12,Monday,1
1613,1000.0,US,USD,2012-06-22,2012-07-22,music,rock,30,2012,6,Friday,1
1614,5000.0,US,USD,2014-06-04,2014-08-03,music,rock,60,2014,6,Wednesday,1
1615,8000.0,US,USD,2011-10-29,2011-12-13,music,rock,45,2011,10,Saturday,1
1616,10000.0,US,USD,2012-10-12,2012-11-22,music,rock,41,2012,10,Friday,1
1617,7000.0,US,USD,2013-09-29,2013-11-01,music,rock,33,2013,9,Sunday,1
1618,1500.0,US,USD,2013-01-27,2013-03-08,music,rock,40,2013,1,Sunday,1
1619,1500.0,US,USD,2014-08-25,2014-09-15,music,rock,21,2014,8,Monday,1
1620,1000.0,US,USD,2013-02-16,2013-02-23,music,rock,7,2013,2,Saturday,1
1621,5000.0,US,USD,2012-04-04,2012-05-28,music,rock,54,2012,4,Wednesday,1
1622,6900.0,US,USD,2014-11-07,2014-12-17,music,rock,40,2014,11,Friday,1
1623,750.0,GB,GBP,2013-06-28,2013-08-27,music,rock,60,2013,6,Friday,1
1624,1000.0,US,USD,2012-11-30,2013-01-09,music,rock,40,2012,11,Friday,1
1625,7500.0,US,USD,2012-08-14,2012-09-11,music,rock,28,2012,8,Tuesday,1
1626,8000.0,US,USD,2013-11-01,2013-12-01,music,rock,30,2013,11,Friday,1
1627,2000.0,US,USD,2012-10-23,2012-11-26,music,rock,34,2012,10,Tuesday,1
1628,4000.0,US,USD,2014-05-15,2014-06-17,music,rock,33,2014,5,Thursday,1
1629,6000.0,US,USD,2014-01-06,2014-02-20,music,rock,45,2014,1,Monday,1
1630,4000.0,US,USD,2012-01-31,2012-03-02,music,rock,31,2012,1,Tuesday,1
1631,10000.0,US,USD,2012-09-12,2012-10-12,music,rock,30,2012,9,Wednesday,1
1632,4000.0,US,USD,2011-07-26,2011-09-24,music,rock,60,2011,7,Tuesday,1
1633,10000.0,US,USD,2011-12-19,2012-01-16,music,rock,28,2011,12,Monday,1
1634,2000.0,US,USD,2011-04-25,2011-06-02,music,rock,38,2011,4,Monday,1
1635,2000.0,US,USD,2016-05-12,2016-07-11,music,rock,60,2016,5,Thursday,1
1636,4500.0,US,USD,2011-04-30,2011-06-12,music,rock,43,2011,4,Saturday,1
1637,500.0,US,USD,2009-11-05,2009-12-31,music,rock,56,2009,11,Thursday,1
1638,1000.0,US,USD,2013-01-14,2013-02-28,music,rock,45,2013,1,Monday,1
1639,1800.0,US,USD,2012-02-02,2012-03-03,music,rock,30,2012,2,Thursday,1
1640,400.0,US,USD,2010-07-20,2010-08-03,music,rock,14,2010,7,Tuesday,1
1641,2500.0,US,USD,2014-11-19,2014-12-19,music,pop,30,2014,11,Wednesday,1
1642,1200.0,US,USD,2011-05-25,2011-06-14,music,pop,20,2011,5,Wednesday,1
1643,5000.0,US,USD,2012-08-25,2012-09-24,music,pop,30,2012,8,Saturday,1
1644,10000.0,US,USD,2012-09-23,2012-11-22,music,pop,60,2012,9,Sunday,1
1645,5000.0,US,USD,2013-09-04,2013-09-18,music,pop,14,2013,9,Wednesday,1
1646,2000.0,GB,GBP,2014-07-13,2014-08-14,music,pop,32,2014,7,Sunday,1
1647,5000.0,US,USD,2012-05-10,2012-06-09,music,pop,30,2012,5,Thursday,1
1648,2300.0,US,USD,2011-02-18,2011-03-20,music,pop,30,2011,2,Friday,1
1649,3800.0,US,USD,2014-04-08,2014-05-23,music,pop,45,2014,4,Tuesday,1
1650,2000.0,US,USD,2013-09-09,2013-10-09,music,pop,30,2013,9,Monday,1
1651,2000.0,US,USD,2011-03-23,2011-04-26,music,pop,34,2011,3,Wednesday,1
1652,4500.0,US,USD,2013-10-25,2013-11-24,music,pop,30,2013,10,Friday,1
1653,5000.0,US,USD,2011-03-24,2011-04-24,music,pop,31,2011,3,Thursday,1
1654,1100.0,US,USD,2012-03-19,2012-04-18,music,pop,30,2012,3,Monday,1
1655,1500.0,US,USD,2012-03-06,2012-04-05,music,pop,30,2012,3,Tuesday,1
1656,7500.0,US,USD,2012-11-13,2012-12-13,music,pop,30,2012,11,Tuesday,1
1657,25000.0,US,USD,2012-04-24,2012-05-24,music,pop,30,2012,4,Tuesday,1
1658,6000.0,US,USD,2012-11-10,2012-12-18,music,pop,38,2012,11,Saturday,1
1659,500.0,GB,GBP,2013-11-18,2013-12-17,music,pop,29,2013,11,Monday,1
1660,80.0,IT,EUR,2016-03-30,2016-04-30,music,pop,31,2016,3,Wednesday,1
1661,7900.0,AT,EUR,2015-12-05,2016-01-17,music,pop,43,2015,12,Saturday,1
1662,8000.0,US,USD,2011-11-01,2011-12-31,music,pop,60,2011,11,Tuesday,1
1663,1000.0,US,USD,2015-01-02,2015-02-01,music,pop,30,2015,1,Friday,1
1664,2500.0,US,USD,2012-01-31,2012-03-16,music,pop,45,2012,1,Tuesday,1
1665,3500.0,US,USD,2011-01-21,2011-02-22,music,pop,32,2011,1,Friday,1
1666,2500.0,US,USD,2013-02-26,2013-03-28,music,pop,30,2013,2,Tuesday,1
1667,3400.0,US,USD,2014-02-12,2014-03-11,music,pop,27,2014,2,Wednesday,1
1668,8000.0,US,USD,2011-10-29,2011-11-28,music,pop,30,2011,10,Saturday,1
1669,2000.0,US,USD,2016-04-01,2016-05-31,music,pop,60,2016,4,Friday,1
1670,1000.0,US,USD,2010-05-15,2010-07-05,music,pop,51,2010,5,Saturday,1
1671,2000.0,US,USD,2016-07-02,2016-08-01,music,pop,30,2016,7,Saturday,1
1672,1700.0,US,USD,2012-05-05,2012-06-04,music,pop,30,2012,5,Saturday,1
1673,2100.0,US,USD,2015-02-04,2015-03-06,music,pop,30,2015,2,Wednesday,1
1674,5000.0,US,USD,2016-07-18,2016-08-18,music,pop,31,2016,7,Monday,1
1675,1000.0,US,USD,2011-09-16,2011-10-16,music,pop,30,2011,9,Friday,1
1676,3000.0,US,USD,2012-03-05,2012-04-21,music,pop,47,2012,3,Monday,1
1677,6000.0,ES,EUR,2016-02-16,2016-04-16,music,pop,60,2016,2,Tuesday,1
1678,1500.0,US,USD,2014-01-23,2014-02-06,music,pop,14,2014,1,Thursday,1
1679,2000.0,US,USD,2011-06-29,2011-07-22,music,pop,23,2011,6,Wednesday,1
1680,1000.0,US,USD,2014-06-12,2014-07-12,music,pop,30,2014,6,Thursday,1
1701,5050.0,US,USD,2014-12-16,2015-01-15,music,faith,30,2014,12,Tuesday,0
1702,16500.0,US,USD,2015-02-28,2015-03-30,music,faith,30,2015,2,Saturday,0
1703,5000.0,US,USD,2015-07-02,2015-08-31,music,faith,60,2015,7,Thursday,0
1704,2000.0,US,USD,2015-01-17,2015-02-16,music,faith,30,2015,1,Saturday,0
1705,2000.0,US,USD,2015-08-29,2015-09-09,music,faith,11,2015,8,Saturday,0
1706,5500.0,DE,EUR,2015-06-24,2015-08-23,music,faith,60,2015,6,Wednesday,0
1707,5000.0,US,USD,2016-02-27,2016-03-28,music,faith,30,2016,2,Saturday,0
1708,7000.0,US,USD,2016-03-22,2016-05-01,music,faith,40,2016,3,Tuesday,0
1709,1750.0,US,USD,2014-07-21,2014-08-31,music,faith,41,2014,7,Monday,0
1710,5000.0,DE,EUR,2015-12-03,2016-01-18,music,faith,46,2015,12,Thursday,0
1711,10000.0,US,USD,2014-08-01,2014-09-01,music,faith,31,2014,8,Friday,0
1712,5000.0,US,USD,2015-05-01,2015-06-30,music,faith,60,2015,5,Friday,0
1713,3000.0,US,USD,2014-09-05,2014-10-05,music,faith,30,2014,9,Friday,0
1714,25000.0,US,USD,2015-04-01,2015-05-01,music,faith,30,2015,4,Wednesday,0
1715,5000.0,US,USD,2015-03-01,2015-03-31,music,faith,30,2015,3,Sunday,0
1716,2000.0,US,USD,2016-10-30,2016-12-09,music,faith,40,2016,10,Sunday,0
1717,3265.0,US,USD,2016-03-31,2016-04-21,music,faith,21,2016,3,Thursday,0
1718,35000.0,US,USD,2016-03-31,2016-05-14,music,faith,44,2016,3,Thursday,0
1719,4000.0,US,USD,2014-08-18,2014-09-17,music,faith,30,2014,8,Monday,0
1720,4000.0,US,USD,2014-10-10,2014-11-09,music,faith,30,2014,10,Friday,0
1721,5000.0,US,USD,2015-11-11,2015-12-11,music,faith,30,2015,11,Wednesday,0
1722,2880.0,US,USD,2016-02-25,2016-04-03,music,faith,38,2016,2,Thursday,0
1723,10000.0,US,USD,2015-05-05,2015-07-01,music,faith,57,2015,5,Tuesday,0
1724,6000.0,US,USD,2014-09-30,2014-10-30,music,faith,30,2014,9,Tuesday,0
1725,5500.0,US,USD,2014-07-25,2014-08-24,music,faith,30,2014,7,Friday,0
1726,6500.0,US,USD,2014-05-29,2014-06-27,music,faith,29,2014,5,Thursday,0
1727,3000.0,GB,GBP,2015-02-09,2015-04-05,music,faith,55,2015,2,Monday,0
1728,1250.0,US,USD,2015-09-21,2015-10-21,music,faith,30,2015,9,Monday,0
1729,10000.0,US,USD,2016-04-11,2016-06-10,music,faith,60,2016,4,Monday,0
1730,3000.0,US,USD,2015-09-25,2015-10-25,music,faith,30,2015,9,Friday,0
1731,1000.0,US,USD,2015-05-28,2015-06-11,music,faith,14,2015,5,Thursday,0
1732,4000.0,US,USD,2015-11-17,2016-01-16,music,faith,60,2015,11,Tuesday,0
1733,10000.0,US,USD,2016-09-01,2016-09-13,music,faith,12,2016,9,Thursday,0
1734,4500.0,US,USD,2015-04-08,2015-05-08,music,faith,30,2015,4,Wednesday,0
1735,1000.0,US,USD,2016-07-08,2016-08-07,music,faith,30,2016,7,Friday,0
1736,3000.0,US,USD,2015-10-09,2015-11-08,music,faith,30,2015,10,Friday,0
1737,4000.0,US,USD,2015-06-20,2015-07-20,music,faith,30,2015,6,Saturday,0
1738,5000.0,US,USD,2014-09-02,2014-10-02,music,faith,30,2014,9,Tuesday,0
1739,1000.0,US,USD,2016-03-06,2016-05-04,music,faith,59,2016,3,Sunday,0
1740,3000.0,US,USD,2015-06-16,2015-07-16,music,faith,30,2015,6,Tuesday,0
1741,1200.0,GB,GBP,2015-04-26,2015-06-10,photography,photobooks,45,2015,4,Sunday,1
1742,2000.0,US,USD,2016-12-06,2017-01-07,photography,photobooks,32,2016,12,Tuesday,1
1743,6000.0,US,USD,2016-08-04,2016-08-27,photography,photobooks,23,2016,8,Thursday,1
1744,5500.0,GB,GBP,2015-01-22,2015-03-08,photography,photobooks,45,2015,1,Thursday,1
1745,7000.0,US,USD,2016-11-16,2016-12-22,photography,photobooks,36,2016,11,Wednesday,1
1746,15000.0,US,USD,2016-10-25,2016-11-24,photography,photobooks,30,2016,10,Tuesday,1
1747,9000.0,GB,GBP,2015-10-15,2015-11-13,photography,photobooks,29,2015,10,Thursday,1
1748,50000.0,CA,CAD,2015-08-03,2015-09-02,photography,photobooks,30,2015,8,Monday,1
1749,10050.0,LU,EUR,2017-01-23,2017-03-01,photography,photobooks,37,2017,1,Monday,1
1750,5000.0,US,USD,2016-03-25,2016-04-19,photography,photobooks,25,2016,3,Friday,1
1751,10000.0,US,USD,2015-02-17,2015-03-19,photography,photobooks,30,2015,2,Tuesday,1
1752,1200.0,GB,GBP,2016-09-14,2016-10-14,photography,photobooks,30,2016,9,Wednesday,1
1753,15000.0,DK,DKK,2016-02-20,2016-03-21,photography,photobooks,30,2016,2,Saturday,1
1754,8500.0,CA,CAD,2015-03-04,2015-04-03,photography,photobooks,30,2015,3,Wednesday,1
1755,25.0,US,USD,2015-09-05,2015-10-05,photography,photobooks,30,2015,9,Saturday,1
1756,5500.0,US,USD,2016-07-20,2016-08-29,photography,photobooks,40,2016,7,Wednesday,1
1757,5000.0,US,USD,2016-12-29,2017-01-28,photography,photobooks,30,2016,12,Thursday,1
1758,1000.0,US,USD,2016-05-15,2016-07-14,photography,photobooks,60,2016,5,Sunday,1
1759,5000.0,US,USD,2015-03-05,2015-03-25,photography,photobooks,20,2015,3,Thursday,1
1760,5000.0,US,USD,2016-02-05,2016-02-25,photography,photobooks,20,2016,2,Friday,1
1761,100.0,GB,GBP,2015-07-24,2015-09-12,photography,photobooks,50,2015,7,Friday,1
1762,100.0,US,USD,2016-02-10,2016-03-11,photography,photobooks,30,2016,2,Wednesday,1
1763,12000.0,US,USD,2016-09-23,2016-10-23,photography,photobooks,30,2016,9,Friday,1
1764,11000.0,GB,GBP,2014-07-05,2014-08-03,photography,photobooks,29,2014,7,Saturday,0
1765,12500.0,US,USD,2014-07-14,2014-08-13,photography,photobooks,30,2014,7,Monday,0
1766,1500.0,AU,AUD,2014-08-04,2014-08-25,photography,photobooks,21,2014,8,Monday,0
1767,5000.0,US,USD,2014-07-04,2014-08-03,photography,photobooks,30,2014,7,Friday,0
1768,5000.0,US,USD,2014-07-29,2014-09-27,photography,photobooks,60,2014,7,Tuesday,0
1769,40000.0,US,USD,2014-12-14,2015-01-13,photography,photobooks,30,2014,12,Sunday,0
1770,24500.0,US,USD,2014-09-09,2014-10-14,photography,photobooks,35,2014,9,Tuesday,0
1771,4200.0,GB,GBP,2014-09-23,2014-10-23,photography,photobooks,30,2014,9,Tuesday,0
1772,5500.0,GB,GBP,2014-05-07,2014-07-06,photography,photobooks,60,2014,5,Wednesday,0
1773,30000.0,US,USD,2014-12-05,2015-01-19,photography,photobooks,45,2014,12,Friday,0
1774,2500.0,US,USD,2014-10-18,2014-11-29,photography,photobooks,42,2014,10,Saturday,0
1775,32500.0,US,USD,2014-09-09,2014-10-24,photography,photobooks,45,2014,9,Tuesday,0
1776,5000.0,GB,GBP,2014-09-23,2014-10-29,photography,photobooks,36,2014,9,Tuesday,0
1777,4800.0,NL,EUR,2015-01-21,2015-02-20,photography,photobooks,30,2015,1,Wednesday,0
1778,50000.0,US,USD,2015-02-10,2015-03-27,photography,photobooks,45,2015,2,Tuesday,0
1779,11000.0,US,USD,2016-08-03,2016-09-02,photography,photobooks,30,2016,8,Wednesday,0
1780,30000.0,US,USD,2016-05-03,2016-07-02,photography,photobooks,60,2016,5,Tuesday,0
1781,5500.0,US,USD,2016-08-15,2016-09-15,photography,photobooks,31,2016,8,Monday,0
1782,35000.0,US,USD,2016-01-19,2016-02-21,photography,photobooks,33,2016,1,Tuesday,0
1783,40000.0,US,USD,2015-04-21,2015-05-21,photography,photobooks,30,2015,4,Tuesday,0
1784,5000.0,US,USD,2014-12-30,2015-01-31,photography,photobooks,32,2014,12,Tuesday,0
1785,24000.0,US,USD,2014-09-15,2014-10-16,photography,photobooks,31,2014,9,Monday,0
1786,1900.0,NL,EUR,2014-11-15,2014-12-15,photography,photobooks,30,2014,11,Saturday,0
1787,10000.0,US,USD,2015-03-05,2015-04-04,photography,photobooks,30,2015,3,Thursday,0
1788,5500.0,GB,GBP,2014-10-01,2014-10-31,photography,photobooks,30,2014,10,Wednesday,0
1789,8000.0,US,USD,2014-11-13,2015-01-12,photography,photobooks,60,2014,11,Thursday,0
1790,33000.0,US,USD,2015-01-06,2015-02-05,photography,photobooks,30,2015,1,Tuesday,0
1791,3000.0,GB,GBP,2014-11-30,2015-01-29,photography,photobooks,60,2014,11,Sunday,0
1792,25000.0,US,USD,2015-07-04,2015-08-10,photography,photobooks,37,2015,7,Saturday,0
1793,3000.0,AU,AUD,2014-10-28,2014-11-27,photography,photobooks,30,2014,10,Tuesday,0
1794,9000.0,US,USD,2015-01-07,2015-02-11,photography,photobooks,35,2015,1,Wednesday,0
1795,28000.0,DE,EUR,2016-09-15,2016-10-14,photography,photobooks,29,2016,9,Thursday,0
1796,19000.0,GB,GBP,2016-05-25,2016-07-24,photography,photobooks,60,2016,5,Wednesday,0
1797,10000.0,US,USD,2016-11-15,2016-12-15,photography,photobooks,30,2016,11,Tuesday,0
1798,16000.0,US,USD,2015-12-06,2016-02-04,photography,photobooks,60,2015,12,Sunday,0
1799,4000.0,GB,GBP,2014-10-22,2014-11-11,photography,photobooks,20,2014,10,Wednesday,0
1800,46260.0,GB,GBP,2016-09-10,2016-10-10,photography,photobooks,30,2016,9,Saturday,0
1801,17000.0,GB,GBP,2015-11-13,2015-12-15,photography,photobooks,32,2015,11,Friday,0
1802,3500.0,DE,EUR,2015-06-04,2015-06-27,photography,photobooks,23,2015,6,Thursday,0
1803,17500.0,US,USD,2015-01-14,2015-02-14,photography,photobooks,31,2015,1,Wednesday,0
1804,15500.0,US,USD,2015-10-05,2015-11-14,photography,photobooks,40,2015,10,Monday,0
1805,22500.0,DE,EUR,2015-08-31,2015-10-02,photography,photobooks,32,2015,8,Monday,0
1806,20000.0,GB,GBP,2014-08-26,2014-09-30,photography,photobooks,35,2014,8,Tuesday,0
1807,5000.0,US,USD,2014-08-29,2014-09-28,photography,photobooks,30,2014,8,Friday,0
1808,28000.0,US,USD,2017-01-07,2017-02-11,photography,photobooks,35,2017,1,Saturday,0
1809,3500.0,CA,CAD,2015-01-25,2015-03-01,photography,photobooks,35,2015,1,Sunday,0
1810,450.0,US,USD,2014-08-09,2014-08-21,photography,photobooks,12,2014,8,Saturday,0
1811,54000.0,US,USD,2014-08-25,2014-10-24,photography,photobooks,60,2014,8,Monday,0
1812,6500.0,GB,GBP,2016-06-03,2016-07-03,photography,photobooks,30,2016,6,Friday,0
1813,8750.0,GB,GBP,2014-07-09,2014-08-08,photography,photobooks,30,2014,7,Wednesday,0
1814,12000.0,GB,GBP,2015-01-29,2015-02-28,photography,photobooks,30,2015,1,Thursday,0
1815,3000.0,US,USD,2015-06-17,2015-07-01,photography,photobooks,14,2015,6,Wednesday,0
1816,25000.0,CH,CHF,2016-06-27,2016-07-25,photography,photobooks,28,2016,6,Monday,0
1817,18000.0,US,USD,2016-12-01,2017-01-30,photography,photobooks,60,2016,12,Thursday,0
1818,15000.0,US,USD,2015-03-04,2015-04-03,photography,photobooks,30,2015,3,Wednesday,0
1819,1200.0,US,USD,2014-06-30,2014-07-30,photography,photobooks,30,2014,6,Monday,0
1820,26000.0,US,USD,2015-03-02,2015-04-01,photography,photobooks,30,2015,3,Monday,0
1821,2500.0,US,USD,2012-01-18,2012-03-03,music,rock,45,2012,1,Wednesday,1
1822,300.0,CA,CAD,2013-12-26,2014-01-31,music,rock,36,2013,12,Thursday,1
1823,700.0,US,USD,2012-09-24,2012-10-24,music,rock,30,2012,9,Monday,1
1824,3000.0,US,USD,2013-12-18,2014-01-08,music,rock,21,2013,12,Wednesday,1
1825,2000.0,US,USD,2013-06-18,2013-07-11,music,rock,23,2013,6,Tuesday,1
1826,2000.0,US,USD,2014-01-18,2014-02-17,music,rock,30,2014,1,Saturday,1
1827,8000.0,US,USD,2011-01-12,2011-03-03,music,rock,50,2011,1,Wednesday,1
1828,20000.0,US,USD,2014-04-07,2014-05-09,music,rock,32,2014,4,Monday,1
1829,1500.0,US,USD,2010-12-04,2011-01-21,music,rock,48,2010,12,Saturday,1
1830,15000.0,US,USD,2014-01-25,2014-02-24,music,rock,30,2014,1,Saturday,1
1831,1000.0,US,USD,2012-04-27,2012-05-12,music,rock,15,2012,4,Friday,1
1832,350.0,US,USD,2011-02-02,2011-03-04,music,rock,30,2011,2,Wednesday,1
1833,400.0,US,USD,2013-01-29,2013-03-02,music,rock,32,2013,1,Tuesday,1
1834,10000.0,US,USD,2014-12-15,2015-01-24,music,rock,40,2014,12,Monday,1
1835,500.0,GB,GBP,2016-03-01,2016-03-31,music,rock,30,2016,3,Tuesday,1
1836,5000.0,US,USD,2013-01-31,2013-02-17,music,rock,17,2013,1,Thursday,1
1837,600.0,US,USD,2012-01-18,2012-03-18,music,rock,60,2012,1,Wednesday,1
1838,1000.0,US,USD,2011-09-02,2011-10-01,music,rock,29,2011,9,Friday,1
1839,1000.0,US,USD,2016-09-01,2016-10-01,music,rock,30,2016,9,Thursday,1
1840,900.0,US,USD,2013-04-18,2013-05-07,music,rock,19,2013,4,Thursday,1
1841,2000.0,US,USD,2014-04-16,2014-05-20,music,rock,34,2014,4,Wednesday,1
1842,2000.0,US,USD,2015-01-27,2015-03-02,music,rock,34,2015,1,Tuesday,1
1843,10000.0,US,USD,2011-01-21,2011-02-20,music,rock,30,2011,1,Friday,1
1844,1500.0,US,USD,2011-05-03,2011-06-11,music,rock,39,2011,5,Tuesday,1
1845,1000.0,US,USD,2016-06-02,2016-06-17,music,rock,15,2016,6,Thursday,1
1846,15000.0,US,USD,2012-11-15,2012-12-15,music,rock,30,2012,11,Thursday,1
1847,2500.0,US,USD,2015-03-31,2015-04-21,music,rock,21,2015,3,Tuesday,1
1848,3000.0,US,USD,2011-05-28,2011-07-31,music,rock,64,2011,5,Saturday,1
1849,300.0,US,USD,2012-09-17,2012-10-17,music,rock,30,2012,9,Monday,1
1850,9000.0,US,USD,2014-06-10,2014-07-10,music,rock,30,2014,6,Tuesday,1
1851,1300.0,US,USD,2014-07-07,2014-07-28,music,rock,21,2014,7,Monday,1
1852,15000.0,US,USD,2015-03-18,2015-04-25,music,rock,38,2015,3,Wednesday,1
1853,800.0,US,USD,2012-09-25,2012-11-14,music,rock,50,2012,9,Tuesday,1
1854,15000.0,US,USD,2013-04-24,2013-05-24,music,rock,30,2013,4,Wednesday,1
1855,8750.0,CA,CAD,2013-11-22,2014-01-06,music,rock,45,2013,11,Friday,1
1856,2000.0,US,USD,2014-06-27,2014-07-18,music,rock,21,2014,6,Friday,1
1857,3000.0,US,USD,2014-08-13,2014-09-12,music,rock,30,2014,8,Wednesday,1
1858,5555.55,US,USD,2011-10-17,2011-12-16,music,rock,60,2011,10,Monday,1
1859,3000.0,US,USD,2011-08-23,2011-09-22,music,rock,30,2011,8,Tuesday,1
1860,750.0,US,USD,2014-01-16,2014-02-06,music,rock,21,2014,1,Thursday,1
1861,250000.0,GB,GBP,2014-12-27,2015-01-26,games,mobile games,30,2014,12,Saturday,0
1862,18000.0,US,USD,2017-01-20,2017-03-08,games,mobile games,47,2017,1,Friday,0
1863,2500.0,US,USD,2014-05-13,2014-06-12,games,mobile games,30,2014,5,Tuesday,0
1864,6500.0,US,USD,2014-04-04,2014-05-04,games,mobile games,30,2014,4,Friday,0
1865,110000.0,GB,GBP,2016-10-02,2016-11-06,games,mobile games,35,2016,10,Sunday,0
1866,25000.0,US,USD,2017-01-07,2017-03-01,games,mobile games,53,2017,1,Saturday,0
1867,20000.0,US,USD,2016-10-06,2016-11-05,games,mobile games,30,2016,10,Thursday,0
1868,25000.0,US,USD,2015-11-20,2015-12-15,games,mobile games,25,2015,11,Friday,0
1869,10000.0,US,USD,2016-12-05,2017-01-04,games,mobile games,30,2016,12,Monday,0
1870,3500.0,US,USD,2016-01-02,2016-01-31,games,mobile games,29,2016,1,Saturday,0
1871,6500.0,US,USD,2014-10-11,2014-11-20,games,mobile games,40,2014,10,Saturday,0
1872,20000.0,US,USD,2015-05-31,2015-06-30,games,mobile games,30,2015,5,Sunday,0
1873,8000.0,CA,CAD,2015-06-09,2015-07-08,games,mobile games,29,2015,6,Tuesday,0
1874,160000.0,US,USD,2016-06-08,2016-06-28,games,mobile games,20,2016,6,Wednesday,0
1875,10000.0,US,USD,2016-06-07,2016-08-06,games,mobile games,60,2016,6,Tuesday,0
1876,280.0,AU,AUD,2014-05-17,2014-06-16,games,mobile games,30,2014,5,Saturday,0
1877,60.0,US,USD,2015-01-31,2015-03-01,games,mobile games,29,2015,1,Saturday,0
1878,8000.0,AU,AUD,2014-05-14,2014-06-13,games,mobile games,30,2014,5,Wednesday,0
1879,5000.0,ES,EUR,2016-02-13,2016-03-14,games,mobile games,30,2016,2,Saturday,0
1880,5000.0,GB,GBP,2016-03-01,2016-03-30,games,mobile games,29,2016,3,Tuesday,0
1881,2000.0,US,USD,2015-02-08,2015-03-10,music,indie rock,30,2015,2,Sunday,1
1882,3350.0,US,USD,2012-06-07,2012-07-10,music,indie rock,33,2012,6,Thursday,1
1883,999.0,US,USD,2012-03-09,2012-04-08,music,indie rock,30,2012,3,Friday,1
1884,1000.0,US,USD,2012-10-23,2012-11-27,music,indie rock,35,2012,10,Tuesday,1
1885,4575.0,US,USD,2012-07-09,2012-08-10,music,indie rock,32,2012,7,Monday,1
1886,1200.0,US,USD,2014-10-13,2014-11-12,music,indie rock,30,2014,10,Monday,1
1887,3000.0,ES,EUR,2015-11-15,2015-12-03,music,indie rock,18,2015,11,Sunday,1
1888,2500.0,US,USD,2010-05-01,2010-06-01,music,indie rock,31,2010,5,Saturday,1
1889,2000.0,US,USD,2013-01-25,2013-03-11,music,indie rock,45,2013,1,Friday,1
1890,12000.0,US,USD,2012-11-15,2012-12-15,music,indie rock,30,2012,11,Thursday,1
1891,10000.0,US,USD,2010-06-06,2010-07-22,music,indie rock,46,2010,6,Sunday,1
1892,500.0,US,USD,2011-05-08,2011-06-07,music,indie rock,30,2011,5,Sunday,1
1893,2500.0,US,USD,2011-03-30,2011-04-16,music,indie rock,17,2011,3,Wednesday,1
1894,1000.0,US,USD,2012-01-12,2012-02-12,music,indie rock,31,2012,1,Thursday,1
1895,9072.0,US,USD,2015-09-20,2015-10-20,music,indie rock,30,2015,9,Sunday,1
1896,451.0,US,USD,2012-03-13,2012-04-12,music,indie rock,30,2012,3,Tuesday,1
1897,6350.0,US,USD,2014-02-10,2014-03-04,music,indie rock,22,2014,2,Monday,1
1898,1000.0,US,USD,2015-12-28,2016-02-01,music,indie rock,35,2015,12,Monday,1
1899,900.0,US,USD,2015-02-23,2015-03-25,music,indie rock,30,2015,2,Monday,1
1900,2500.0,US,USD,2012-09-08,2012-10-06,music,indie rock,28,2012,9,Saturday,1
1901,99000.0,GB,GBP,2015-04-22,2015-05-22,technology,gadgets,30,2015,4,Wednesday,0
1902,1000.0,NL,EUR,2015-02-02,2015-03-04,technology,gadgets,30,2015,2,Monday,0
1903,3000.0,US,USD,2016-11-28,2017-01-27,technology,gadgets,60,2016,11,Monday,0
1904,50000.0,US,USD,2015-11-18,2016-01-02,technology,gadgets,45,2015,11,Wednesday,0
1905,25000.0,US,USD,2014-08-08,2014-09-07,technology,gadgets,30,2014,8,Friday,0
1906,50000.0,US,USD,2016-05-24,2016-06-23,technology,gadgets,30,2016,5,Tuesday,0
1907,30000.0,US,USD,2014-05-08,2014-05-23,technology,gadgets,15,2014,5,Thursday,0
1908,25000.0,US,USD,2016-11-29,2016-12-29,technology,gadgets,30,2016,11,Tuesday,0
1909,35000.0,US,USD,2014-09-23,2014-10-23,technology,gadgets,30,2014,9,Tuesday,0
1910,85000.0,NL,EUR,2015-09-17,2015-10-31,technology,gadgets,44,2015,9,Thursday,0
1911,42500.0,NZ,NZD,2014-07-10,2014-08-09,technology,gadgets,30,2014,7,Thursday,0
1912,5000.0,US,USD,2015-05-05,2015-06-04,technology,gadgets,30,2015,5,Tuesday,0
1913,48000.0,GB,GBP,2014-09-08,2014-10-08,technology,gadgets,30,2014,9,Monday,0
1914,666.0,US,USD,2014-10-17,2014-11-01,technology,gadgets,15,2014,10,Friday,0
1915,500.0,US,USD,2014-08-13,2014-09-02,technology,gadgets,20,2014,8,Wednesday,0
1916,20000.0,US,USD,2016-10-13,2016-11-07,technology,gadgets,25,2016,10,Thursday,0
1917,390000.0,HK,HKD,2017-01-11,2017-02-10,technology,gadgets,30,2017,1,Wednesday,0
1918,25000.0,US,USD,2014-07-08,2014-08-12,technology,gadgets,35,2014,7,Tuesday,0
1919,500.0,US,USD,2015-04-19,2015-05-19,technology,gadgets,30,2015,4,Sunday,0
1920,10000.0,GB,GBP,2015-09-23,2015-10-21,technology,gadgets,28,2015,9,Wednesday,0
1921,1500.0,US,USD,2012-06-14,2012-07-14,music,indie rock,30,2012,6,Thursday,1
1922,2000.0,US,USD,2013-11-12,2013-12-12,music,indie rock,30,2013,11,Tuesday,1
1923,125.0,US,USD,2011-08-17,2011-09-27,music,indie rock,41,2011,8,Wednesday,1
1924,3000.0,US,USD,2013-12-18,2014-01-15,music,indie rock,28,2013,12,Wednesday,1
1925,1500.0,US,USD,2013-09-18,2013-10-11,music,indie rock,23,2013,9,Wednesday,1
1926,1500.0,US,USD,2010-10-05,2010-11-02,music,indie rock,28,2010,10,Tuesday,1
1927,600.0,US,USD,2012-02-21,2012-03-08,music,indie rock,16,2012,2,Tuesday,1
1928,2550.0,US,USD,2013-04-07,2013-05-07,music,indie rock,30,2013,4,Sunday,1
1929,3200.0,US,USD,2011-05-24,2011-07-05,music,indie rock,42,2011,5,Tuesday,1
1930,1000.0,US,USD,2013-05-08,2013-07-07,music,indie rock,60,2013,5,Wednesday,1
1931,2000.0,US,USD,2012-05-08,2012-05-22,music,indie rock,14,2012,5,Tuesday,1
1932,5250.0,US,USD,2012-01-03,2012-01-24,music,indie rock,21,2012,1,Tuesday,1
1933,6000.0,US,USD,2014-08-28,2014-09-27,music,indie rock,30,2014,8,Thursday,1
1934,5000.0,US,USD,2011-11-18,2011-12-25,music,indie rock,37,2011,11,Friday,1
1935,2500.0,US,USD,2014-05-14,2014-06-21,music,indie rock,38,2014,5,Wednesday,1
1936,7500.0,US,USD,2011-11-05,2011-12-06,music,indie rock,31,2011,11,Saturday,1
1937,600.0,US,USD,2012-05-30,2012-06-15,music,indie rock,16,2012,5,Wednesday,1
1938,15000.0,US,USD,2013-06-01,2013-07-02,music,indie rock,31,2013,6,Saturday,1
1939,10000.0,US,USD,2013-02-08,2013-03-10,music,indie rock,30,2013,2,Friday,1
1940,650.0,US,USD,2011-05-07,2011-06-15,music,indie rock,39,2011,5,Saturday,1
1941,250000.0,US,USD,2014-04-15,2014-05-15,technology,hardware,30,2014,4,Tuesday,1
1942,6000.0,US,USD,2011-04-05,2011-07-04,technology,hardware,90,2011,4,Tuesday,1
1943,10000.0,US,USD,2016-06-27,2016-08-11,technology,hardware,45,2016,6,Monday,1
1944,40000.0,US,USD,2014-04-01,2014-05-01,technology,hardware,30,2014,4,Tuesday,1
1945,100000.0,ES,EUR,2015-06-02,2015-07-12,technology,hardware,40,2015,6,Tuesday,1
1946,7500.0,US,USD,2014-02-19,2014-04-20,technology,hardware,60,2014,2,Wednesday,1
1947,800.0,US,USD,2009-10-16,2009-11-23,technology,hardware,38,2009,10,Friday,1
1948,100000.0,US,USD,2016-04-13,2016-06-06,technology,hardware,54,2016,4,Wednesday,1
1949,50000.0,GB,GBP,2014-06-10,2014-07-10,technology,hardware,30,2014,6,Tuesday,1
1950,48000.0,US,USD,2011-03-22,2011-04-22,technology,hardware,31,2011,3,Tuesday,1
1951,50000.0,US,USD,2016-10-08,2016-11-07,technology,hardware,30,2016,10,Saturday,1
1952,35000.0,CA,CAD,2013-09-09,2013-10-16,technology,hardware,37,2013,9,Monday,1
1953,15000.0,US,USD,2012-02-02,2012-03-02,technology,hardware,29,2012,2,Thursday,1
1954,50000.0,US,USD,2016-01-25,2016-03-12,technology,hardware,47,2016,1,Monday,1
1955,42000.0,US,USD,2012-04-21,2012-05-23,technology,hardware,32,2012,4,Saturday,1
1956,60000.0,US,USD,2015-03-04,2015-04-18,technology,hardware,45,2015,3,Wednesday,1
1957,30000.0,US,USD,2012-09-27,2012-10-27,technology,hardware,30,2012,9,Thursday,1
1958,7000.0,US,USD,2013-02-21,2013-03-23,technology,hardware,30,2013,2,Thursday,1
1959,10000.0,US,USD,2014-08-20,2014-10-01,technology,hardware,42,2014,8,Wednesday,1
1960,70000.0,SE,SEK,2014-11-21,2014-12-21,technology,hardware,30,2014,11,Friday,1
1961,10000.0,US,USD,2012-08-27,2012-10-06,technology,hardware,40,2012,8,Monday,1
1962,10000.0,US,USD,2014-04-13,2014-05-13,technology,hardware,30,2014,4,Sunday,1
1963,19000.0,GB,GBP,2014-08-12,2014-09-16,technology,hardware,35,2014,8,Tuesday,1
1964,89200.0,IT,EUR,2016-03-23,2016-04-22,technology,hardware,30,2016,3,Wednesday,1
1965,5000.0,US,USD,2011-12-21,2012-01-12,technology,hardware,22,2011,12,Wednesday,1
1966,100000.0,US,USD,2014-07-15,2014-08-14,technology,hardware,30,2014,7,Tuesday,1
1967,20000.0,US,USD,2014-04-01,2014-05-01,technology,hardware,30,2014,4,Tuesday,1
1968,50000.0,US,USD,2016-11-02,2016-12-03,technology,hardware,31,2016,11,Wednesday,1
1969,20000.0,GB,GBP,2016-07-06,2016-08-05,technology,hardware,30,2016,7,Wednesday,1
1970,5000.0,US,USD,2013-02-19,2013-04-20,technology,hardware,60,2013,2,Tuesday,1
1971,400000.0,US,USD,2013-10-14,2013-11-15,technology,hardware,32,2013,10,Monday,1
1972,2500.0,US,USD,2012-10-19,2012-11-18,technology,hardware,30,2012,10,Friday,1
1973,198000.0,US,USD,2016-06-28,2016-08-06,technology,hardware,39,2016,6,Tuesday,1
1974,20000.0,GB,GBP,2013-06-20,2013-08-19,technology,hardware,60,2013,6,Thursday,1
1975,16000.0,US,USD,2013-02-08,2013-03-10,technology,hardware,30,2013,2,Friday,1
1976,4000.0,GB,GBP,2013-06-13,2013-07-13,technology,hardware,30,2013,6,Thursday,1
1977,50000.0,US,USD,2015-11-03,2015-12-19,technology,hardware,46,2015,11,Tuesday,1
1978,50000.0,US,USD,2012-05-10,2012-06-12,technology,hardware,33,2012,5,Thursday,1
1979,200000.0,US,USD,2015-10-13,2015-11-19,technology,hardware,37,2015,10,Tuesday,1
1980,50000.0,DE,EUR,2016-02-23,2016-04-03,technology,hardware,40,2016,2,Tuesday,1
1981,7500.0,CA,CAD,2014-06-09,2014-07-09,photography,people,30,2014,6,Monday,0
1982,180000.0,HK,HKD,2016-11-04,2016-12-04,photography,people,30,2016,11,Friday,0
1983,33000.0,US,USD,2016-08-11,2016-09-02,photography,people,22,2016,8,Thursday,0
1984,15000.0,US,USD,2014-10-01,2014-11-30,photography,people,60,2014,10,Wednesday,0
1985,1600.0,GB,GBP,2016-07-04,2016-08-02,photography,people,29,2016,7,Monday,0
1986,2000.0,GB,GBP,2016-02-13,2016-03-14,photography,people,30,2016,2,Saturday,0
1987,5500.0,GB,GBP,2015-01-30,2015-03-01,photography,people,30,2015,1,Friday,0
1988,6000.0,US,USD,2015-07-21,2015-08-20,photography,people,30,2015,7,Tuesday,0
1989,5000.0,US,USD,2016-11-11,2016-12-11,photography,people,30,2016,11,Friday,0
1990,3000.0,US,USD,2016-01-29,2016-02-13,photography,people,15,2016,1,Friday,0
1991,2000.0,US,USD,2015-06-12,2015-07-03,photography,people,21,2015,6,Friday,0
1992,1500.0,US,USD,2015-01-19,2015-02-18,photography,people,30,2015,1,Monday,0
1993,2000.0,GB,GBP,2015-11-21,2015-12-21,photography,people,30,2015,11,Saturday,0
1994,3200.0,US,USD,2016-10-08,2016-12-07,photography,people,60,2016,10,Saturday,0
1995,1000.0,CA,CAD,2015-06-26,2015-07-16,photography,people,20,2015,6,Friday,0
1996,133800.0,US,USD,2014-06-10,2014-07-10,photography,people,30,2014,6,Tuesday,0
1997,6500.0,US,USD,2014-07-27,2014-08-26,photography,people,30,2014,7,Sunday,0
1998,2500.0,US,USD,2014-06-17,2014-08-01,photography,people,45,2014,6,Tuesday,0
1999,31000.0,GB,GBP,2014-10-14,2014-11-13,photography,people,30,2014,10,Tuesday,0
2000,5000.0,CA,CAD,2015-12-07,2016-01-06,photography,people,30,2015,12,Monday,0
2001,55000.0,DE,EUR,2015-05-12,2015-06-12,technology,hardware,31,2015,5,Tuesday,1
2002,50000.0,US,USD,2016-12-24,2017-01-23,technology,hardware,30,2016,12,Saturday,1
2003,500.0,US,USD,2010-06-18,2010-07-02,technology,hardware,14,2010,6,Friday,1
2004,50000.0,US,USD,2014-06-10,2014-07-10,technology,hardware,30,2014,6,Tuesday,1
2005,30000.0,US,USD,2013-09-18,2013-10-16,technology,hardware,28,2013,9,Wednesday,1
2006,50000.0,US,USD,2014-10-29,2014-12-03,technology,hardware,35,2014,10,Wednesday,1
2007,10000.0,US,USD,2010-06-18,2010-08-24,technology,hardware,67,2010,6,Friday,1
2008,1570.79,US,USD,2011-08-06,2011-09-19,technology,hardware,44,2011,8,Saturday,1
2009,50000.0,DE,EUR,2016-10-18,2016-11-23,technology,hardware,36,2016,10,Tuesday,1
2010,30000.0,US,USD,2016-07-19,2016-08-18,technology,hardware,30,2016,7,Tuesday,1
2011,50000.0,AT,EUR,2015-12-09,2016-01-11,technology,hardware,33,2015,12,Wednesday,1
2012,5000.0,US,USD,2015-01-06,2015-02-05,technology,hardware,30,2015,1,Tuesday,1
2013,160000.0,US,USD,2016-05-09,2016-07-08,technology,hardware,60,2016,5,Monday,1
2014,30000.0,US,USD,2013-02-19,2013-03-25,technology,hardware,34,2013,2,Tuesday,1
2015,7200.0,US,USD,2011-08-10,2011-09-09,technology,hardware,30,2011,8,Wednesday,1
2016,10000.0,US,USD,2013-02-07,2013-03-09,technology,hardware,30,2013,2,Thursday,1
2017,25000.0,US,USD,2012-02-22,2012-03-24,technology,hardware,31,2012,2,Wednesday,1
2018,65000.0,IE,EUR,2015-07-14,2015-08-13,technology,hardware,30,2015,7,Tuesday,1
2019,40000.0,US,USD,2016-08-23,2016-09-22,technology,hardware,30,2016,8,Tuesday,1
2020,1500.0,US,USD,2014-04-08,2014-05-14,technology,hardware,36,2014,4,Tuesday,1
2021,5000.0,US,USD,2014-08-10,2014-09-24,technology,hardware,45,2014,8,Sunday,1
2022,100000.0,US,USD,2016-05-12,2016-06-11,technology,hardware,30,2016,5,Thursday,1
2023,100000.0,US,USD,2015-05-12,2015-06-11,technology,hardware,30,2015,5,Tuesday,1
2024,4000.0,US,USD,2012-07-09,2012-08-13,technology,hardware,35,2012,7,Monday,1
2025,80000.0,DE,EUR,2015-05-12,2015-06-11,technology,hardware,30,2015,5,Tuesday,1
2026,25000.0,US,USD,2014-03-06,2014-04-21,technology,hardware,46,2014,3,Thursday,1
2027,100000.0,US,USD,2015-02-13,2015-03-30,technology,hardware,45,2015,2,Friday,1
2028,3000.0,US,USD,2010-02-06,2010-03-15,technology,hardware,37,2010,2,Saturday,1
2029,2500.0,US,USD,2014-07-28,2014-08-27,technology,hardware,30,2014,7,Monday,1
2030,32768.0,GB,GBP,2012-10-30,2012-11-29,technology,hardware,30,2012,10,Tuesday,1
2031,50000.0,NL,EUR,2014-12-02,2015-01-09,technology,hardware,38,2014,12,Tuesday,1
2032,25000.0,US,USD,2016-11-15,2016-12-15,technology,hardware,30,2016,11,Tuesday,1
2033,25000.0,US,USD,2014-03-27,2014-04-26,technology,hardware,30,2014,3,Thursday,1
2034,78000.0,US,USD,2015-03-13,2015-05-07,technology,hardware,55,2015,3,Friday,1
2035,80000.0,US,USD,2015-11-03,2015-12-19,technology,hardware,46,2015,11,Tuesday,1
2036,30000.0,US,USD,2014-04-09,2014-05-09,technology,hardware,30,2014,4,Wednesday,1
2037,10000.0,US,USD,2013-10-31,2013-12-30,technology,hardware,60,2013,10,Thursday,1
2038,8000.0,GB,GBP,2013-05-30,2013-07-01,technology,hardware,32,2013,5,Thursday,1
2039,125000.0,US,USD,2016-11-01,2016-12-01,technology,hardware,30,2016,11,Tuesday,1
2040,3000.0,US,USD,2013-10-31,2013-11-15,technology,hardware,15,2013,10,Thursday,1
2041,9500.0,US,USD,2016-10-11,2016-11-10,technology,hardware,30,2016,10,Tuesday,1
2042,10000.0,US,USD,2015-11-23,2016-01-22,technology,hardware,60,2015,11,Monday,1
2043,1385.0,US,USD,2016-10-18,2016-12-11,technology,hardware,54,2016,10,Tuesday,1
2044,15000.0,US,USD,2015-05-14,2015-06-13,technology,hardware,30,2015,5,Thursday,1
2045,4900.0,US,USD,2012-06-09,2012-07-09,technology,hardware,30,2012,6,Saturday,1
2046,10000.0,US,USD,2013-04-23,2013-05-23,technology,hardware,30,2013,4,Tuesday,1
2047,98000.0,AU,AUD,2015-03-18,2015-04-17,technology,hardware,30,2015,3,Wednesday,1
2048,85000.0,US,USD,2013-04-23,2013-05-23,technology,hardware,30,2013,4,Tuesday,1
2049,50000.0,GB,GBP,2013-10-28,2013-12-02,technology,hardware,35,2013,10,Monday,1
2050,10000.0,US,USD,2015-04-21,2015-05-31,technology,hardware,40,2015,4,Tuesday,1
2051,8000.0,US,USD,2013-11-26,2013-12-26,technology,hardware,30,2013,11,Tuesday,1
2052,50000.0,US,USD,2016-01-06,2016-02-20,technology,hardware,45,2016,1,Wednesday,1
2053,5000.0,US,USD,2015-10-26,2015-11-25,technology,hardware,30,2015,10,Monday,1
2054,35000.0,GB,GBP,2014-04-02,2014-05-02,technology,hardware,30,2014,4,Wednesday,1
2055,6000.0,US,USD,2014-11-03,2014-12-03,technology,hardware,30,2014,11,Monday,1
2056,50000.0,US,USD,2013-03-18,2013-04-17,technology,hardware,30,2013,3,Monday,1
2057,15000.0,GB,GBP,2016-01-27,2016-02-26,technology,hardware,30,2016,1,Wednesday,1
2058,2560.0,GB,GBP,2015-01-22,2015-03-02,technology,hardware,39,2015,1,Thursday,1
2059,30000.0,US,USD,2015-12-23,2016-01-31,technology,hardware,39,2015,12,Wednesday,1
2060,25000.0,US,USD,2014-05-24,2014-07-23,technology,hardware,60,2014,5,Saturday,1
2061,5000.0,US,USD,2016-12-01,2016-12-31,technology,hardware,30,2016,12,Thursday,1
2062,100000.0,DK,DKK,2016-02-23,2016-03-24,technology,hardware,30,2016,2,Tuesday,1
2063,4000.0,DE,EUR,2016-04-12,2016-05-15,technology,hardware,33,2016,4,Tuesday,1
2064,261962.0,US,USD,2013-04-25,2013-05-31,technology,hardware,36,2013,4,Thursday,1
2065,40000.0,GB,GBP,2013-11-25,2013-12-25,technology,hardware,30,2013,11,Monday,1
2066,2000.0,US,USD,2014-07-24,2014-08-23,technology,hardware,30,2014,7,Thursday,1
2067,495.0,GB,GBP,2015-04-21,2015-05-24,technology,hardware,33,2015,4,Tuesday,1
2068,25000.0,US,USD,2016-09-20,2016-10-20,technology,hardware,30,2016,9,Tuesday,1
2069,50000.0,US,USD,2015-12-02,2016-01-02,technology,hardware,31,2015,12,Wednesday,1
2070,125000.0,DE,EUR,2016-05-29,2016-06-28,technology,hardware,30,2016,5,Sunday,1
2071,20000.0,US,USD,2016-08-18,2016-10-02,technology,hardware,45,2016,8,Thursday,1
2072,71500.0,US,USD,2016-04-07,2016-05-07,technology,hardware,30,2016,4,Thursday,1
2073,100000.0,US,USD,2015-03-24,2015-05-08,technology,hardware,45,2015,3,Tuesday,1
2074,600.0,US,USD,2016-04-06,2016-05-06,technology,hardware,30,2016,4,Wednesday,1
2075,9999.0,US,USD,2013-06-25,2013-07-25,technology,hardware,30,2013,6,Tuesday,1
2076,179000.0,GB,GBP,2014-06-13,2014-07-23,technology,hardware,40,2014,6,Friday,1
2077,50000.0,US,USD,2015-04-09,2015-06-05,technology,hardware,57,2015,4,Thursday,1
2078,20000.0,ES,EUR,2016-11-18,2016-12-18,technology,hardware,30,2016,11,Friday,1
2079,10000.0,GB,GBP,2015-05-26,2015-06-25,technology,hardware,30,2015,5,Tuesday,1
2080,1000.0,US,USD,2015-10-12,2015-11-11,technology,hardware,30,2015,10,Monday,1
2081,3500.0,US,USD,2012-04-05,2012-05-16,music,indie rock,41,2012,4,Thursday,1
2082,1500.0,US,USD,2011-09-25,2011-11-24,music,indie rock,60,2011,9,Sunday,1
2083,750.0,US,USD,2012-05-05,2012-06-04,music,indie rock,30,2012,5,Saturday,1
2084,3000.0,US,USD,2014-04-02,2014-05-04,music,indie rock,32,2014,4,Wednesday,1
2085,6000.0,US,USD,2012-06-15,2012-07-15,music,indie rock,30,2012,6,Friday,1
2086,4000.0,US,USD,2011-11-13,2011-12-14,music,indie rock,31,2011,11,Sunday,1
2087,1500.0,US,USD,2011-08-09,2011-09-08,music,indie rock,30,2011,8,Tuesday,1
2088,3000.0,US,USD,2010-08-05,2010-09-11,music,indie rock,37,2010,8,Thursday,1
2089,2500.0,US,USD,2013-06-28,2013-08-02,music,indie rock,35,2013,6,Friday,1
2090,8000.0,US,USD,2013-01-25,2013-02-24,music,indie rock,30,2013,1,Friday,1
2091,18000.0,US,USD,2011-01-12,2011-03-01,music,indie rock,48,2011,1,Wednesday,1
2092,6000.0,US,USD,2011-08-08,2011-10-07,music,indie rock,60,2011,8,Monday,1
2093,1500.0,US,USD,2012-10-23,2012-12-22,music,indie rock,60,2012,10,Tuesday,1
2094,3500.0,US,USD,2012-01-31,2012-03-05,music,indie rock,34,2012,1,Tuesday,1
2095,2500.0,US,USD,2011-08-03,2011-10-02,music,indie rock,60,2011,8,Wednesday,1
2096,600.0,US,USD,2012-10-10,2012-10-26,music,indie rock,16,2012,10,Wednesday,1
2097,3000.0,US,USD,2011-10-02,2011-12-01,music,indie rock,60,2011,10,Sunday,1
2098,6000.0,US,USD,2012-02-07,2012-03-08,music,indie rock,30,2012,2,Tuesday,1
2099,3000.0,US,USD,2015-06-18,2015-07-02,music,indie rock,14,2015,6,Thursday,1
2100,600.0,US,USD,2012-06-14,2012-06-30,music,indie rock,16,2012,6,Thursday,1
2101,2000.0,US,USD,2011-12-15,2012-02-13,music,indie rock,60,2011,12,Thursday,1
2102,1000.0,US,USD,2011-04-05,2011-05-05,music,indie rock,30,2011,4,Tuesday,1
2103,7777.0,US,USD,2012-10-10,2012-11-09,music,indie rock,30,2012,10,Wednesday,1
2104,800.0,US,USD,2013-04-30,2013-05-31,music,indie rock,31,2013,4,Tuesday,1
2105,2000.0,US,USD,2014-11-08,2014-11-21,music,indie rock,13,2014,11,Saturday,1
2106,2200.0,US,USD,2012-12-27,2013-01-26,music,indie rock,30,2012,12,Thursday,1
2107,2000.0,US,USD,2014-10-22,2014-11-12,music,indie rock,21,2014,10,Wednesday,1
2108,16000.0,US,USD,2012-08-14,2012-09-10,music,indie rock,27,2012,8,Tuesday,1
2109,4000.0,US,USD,2015-06-05,2015-07-05,music,indie rock,30,2015,6,Friday,1
2110,2000.0,US,USD,2014-04-30,2014-05-28,music,indie rock,28,2014,4,Wednesday,1
2111,2000.0,US,USD,2011-06-09,2011-08-15,music,indie rock,67,2011,6,Thursday,1
2112,300.0,US,USD,2013-04-01,2013-04-15,music,indie rock,14,2013,4,Monday,1
2113,7000.0,US,USD,2014-08-19,2014-09-23,music,indie rock,35,2014,8,Tuesday,1
2114,5000.0,US,USD,2010-10-07,2010-12-09,music,indie rock,63,2010,10,Thursday,1
2115,1500.0,US,USD,2011-01-21,2011-02-20,music,indie rock,30,2011,1,Friday,1
2116,48000.0,US,USD,2012-08-15,2012-10-02,music,indie rock,48,2012,8,Wednesday,1
2117,1200.0,US,USD,2015-10-13,2015-10-27,music,indie rock,14,2015,10,Tuesday,1
2118,1000.0,US,USD,2011-06-24,2011-07-24,music,indie rock,30,2011,6,Friday,1
2119,2000.0,US,USD,2012-07-17,2012-08-16,music,indie rock,30,2012,7,Tuesday,1
2120,8000.0,US,USD,2013-11-13,2014-01-01,music,indie rock,49,2013,11,Wednesday,1
2121,50000.0,CH,CHF,2016-12-12,2017-01-11,games,video games,30,2016,12,Monday,0
2122,80000.0,MX,MXN,2016-12-08,2017-01-07,games,video games,30,2016,12,Thursday,0
2123,500.0,US,USD,2010-01-20,2010-03-15,games,video games,54,2010,1,Wednesday,0
2124,1100.0,US,USD,2010-10-13,2010-11-30,games,video games,48,2010,10,Wednesday,0
2125,60000.0,US,USD,2015-07-06,2015-08-05,games,video games,30,2015,7,Monday,0
2126,20000.0,US,USD,2014-11-08,2014-12-08,games,video games,30,2014,11,Saturday,0
2127,28000.0,GB,GBP,2015-02-10,2015-03-12,games,video games,30,2015,2,Tuesday,0
2128,15000.0,CA,CAD,2014-07-23,2014-09-21,games,video games,60,2014,7,Wednesday,0
2129,2000.0,US,USD,2016-02-09,2016-03-10,games,video games,30,2016,2,Tuesday,0
2130,42000.0,US,USD,2014-07-12,2014-08-16,games,video games,35,2014,7,Saturday,0
2131,500.0,US,USD,2015-06-12,2015-07-12,games,video games,30,2015,6,Friday,0
2132,100000.0,US,USD,2014-01-04,2014-02-03,games,video games,30,2014,1,Saturday,0
2133,1000.0,US,USD,2011-03-17,2011-04-24,games,video games,38,2011,3,Thursday,0
2134,6000.0,US,USD,2013-03-28,2013-04-27,games,video games,30,2013,3,Thursday,0
2135,5000.0,US,USD,2012-09-04,2012-10-04,games,video games,30,2012,9,Tuesday,0
2136,80000.0,US,USD,2013-09-19,2013-10-19,games,video games,30,2013,9,Thursday,0
2137,50000.0,CA,CAD,2014-11-05,2014-12-05,games,video games,30,2014,11,Wednesday,0
2138,1000.0,GB,GBP,2013-10-10,2013-11-09,games,video games,30,2013,10,Thursday,0
2139,30000.0,US,USD,2016-10-04,2016-11-03,games,video games,30,2016,10,Tuesday,0
2140,500000.0,US,USD,2012-12-12,2013-01-11,games,video games,30,2012,12,Wednesday,0
2141,15000.0,US,USD,2014-10-15,2014-11-14,games,video games,30,2014,10,Wednesday,0
2142,10500.0,DE,EUR,2015-12-02,2015-12-30,games,video games,28,2015,12,Wednesday,0
2143,2000.0,US,USD,2010-06-03,2010-07-21,games,video games,48,2010,6,Thursday,0
2144,35500.0,US,USD,2013-08-13,2013-09-14,games,video games,32,2013,8,Tuesday,0
2145,15000.0,US,USD,2013-10-28,2013-11-27,games,video games,30,2013,10,Monday,0
2146,5000.0,US,USD,2016-01-28,2016-02-11,games,video games,14,2016,1,Thursday,0
2147,390000.0,US,USD,2014-10-15,2014-11-16,games,video games,32,2014,10,Wednesday,0
2148,100.0,GB,GBP,2015-03-03,2015-04-02,games,video games,30,2015,3,Tuesday,0
2149,2000.0,US,USD,2010-06-26,2010-07-31,games,video games,35,2010,6,Saturday,0
2150,50000.0,NO,NOK,2016-06-13,2016-07-13,games,video games,30,2016,6,Monday,0
2151,45000.0,US,USD,2016-05-30,2016-06-29,games,video games,30,2016,5,Monday,0
2152,30000.0,US,USD,2014-02-13,2014-03-15,games,video games,30,2014,2,Thursday,0
2153,372625.0,US,USD,2014-12-01,2015-01-10,games,video games,40,2014,12,Monday,0
2154,250.0,US,USD,2014-01-08,2014-01-28,games,video games,20,2014,1,Wednesday,0
2155,5000.0,GB,GBP,2016-03-01,2016-03-31,games,video games,30,2016,3,Tuesday,0
2156,56000.0,US,USD,2013-08-02,2013-09-16,games,video games,45,2013,8,Friday,0
2157,75000.0,US,USD,2016-11-20,2016-12-23,games,video games,33,2016,11,Sunday,0
2158,300000.0,US,USD,2012-12-21,2013-02-04,games,video games,45,2012,12,Friday,0
2159,3600.0,US,USD,2011-06-16,2011-07-16,games,video games,30,2011,6,Thursday,0
2160,10000.0,US,USD,2012-04-19,2012-05-19,games,video games,30,2012,4,Thursday,0
2161,400.0,US,USD,2015-08-24,2015-09-23,music,rock,30,2015,8,Monday,1
2162,4500.0,US,USD,2014-06-23,2014-07-24,music,rock,31,2014,6,Monday,1
2163,2500.0,US,USD,2015-04-17,2015-06-08,music,rock,52,2015,4,Friday,1
2164,5500.0,US,USD,2016-05-25,2016-06-25,music,rock,31,2016,5,Wednesday,1
2165,2500.0,FR,EUR,2016-03-09,2016-04-08,music,rock,30,2016,3,Wednesday,1
2166,2000.0,US,USD,2014-10-21,2014-12-05,music,rock,45,2014,10,Tuesday,1
2167,150.0,US,USD,2012-09-01,2012-09-15,music,rock,14,2012,9,Saturday,1
2168,18000.0,US,USD,2017-01-10,2017-02-10,music,rock,31,2017,1,Tuesday,1
2169,153.0,US,USD,2017-02-27,2017-03-02,music,rock,3,2017,2,Monday,1
2170,350.0,US,USD,2015-07-13,2015-08-22,music,rock,40,2015,7,Monday,1
2171,4000.0,US,USD,2015-05-17,2015-06-22,music,rock,36,2015,5,Sunday,1
2172,1000.0,US,USD,2015-03-19,2015-04-18,music,rock,30,2015,3,Thursday,1
2173,4200.0,US,USD,2013-08-09,2013-09-10,music,rock,32,2013,8,Friday,1
2174,4000.0,GB,GBP,2016-04-05,2016-05-05,music,rock,30,2016,4,Tuesday,1
2175,700.0,US,USD,2016-07-14,2016-07-21,music,rock,7,2016,7,Thursday,1
2176,5000.0,US,USD,2015-04-02,2015-05-02,music,rock,30,2015,4,Thursday,1
2177,2500.0,US,USD,2016-05-12,2016-06-06,music,rock,25,2016,5,Thursday,1
2178,25000.0,US,USD,2016-12-19,2017-01-18,music,rock,30,2016,12,Monday,1
2179,1000.0,US,USD,2015-03-12,2015-04-11,music,rock,30,2015,3,Thursday,1
2180,5000.0,US,USD,2015-10-02,2015-11-13,music,rock,42,2015,10,Friday,1
2181,2000.0,US,USD,2017-02-07,2017-02-21,games,tabletop games,14,2017,2,Tuesday,1
2182,3000.0,CA,CAD,2014-08-28,2014-10-02,games,tabletop games,35,2014,8,Thursday,1
2183,1800.0,US,USD,2017-01-10,2017-02-09,games,tabletop games,30,2017,1,Tuesday,1
2184,10000.0,US,USD,2016-01-11,2016-01-25,games,tabletop games,14,2016,1,Monday,1
2185,5000.0,GB,GBP,2013-02-14,2013-03-26,games,tabletop games,40,2013,2,Thursday,1
2186,20000.0,US,USD,2016-08-01,2016-09-07,games,tabletop games,37,2016,8,Monday,1
2187,20000.0,US,USD,2015-03-05,2015-04-03,games,tabletop games,29,2015,3,Thursday,1
2188,5494.0,AU,AUD,2016-09-20,2016-10-25,games,tabletop games,35,2016,9,Tuesday,1
2189,1200.0,GB,GBP,2016-04-07,2016-04-21,games,tabletop games,14,2016,4,Thursday,1
2190,19000.0,US,USD,2016-02-17,2016-03-23,games,tabletop games,35,2016,2,Wednesday,1
2191,750.0,GB,GBP,2017-02-02,2017-02-14,games,tabletop games,12,2017,2,Thursday,1
2192,12000.0,GB,GBP,2016-11-17,2016-12-15,games,tabletop games,28,2016,11,Thursday,1
2193,15000.0,US,USD,2016-10-21,2016-11-21,games,tabletop games,31,2016,10,Friday,1
2194,10000.0,US,USD,2016-02-25,2016-03-26,games,tabletop games,30,2016,2,Thursday,1
2195,4600.0,US,USD,2015-07-12,2015-08-11,games,tabletop games,30,2015,7,Sunday,1
2196,14000.0,US,USD,2016-11-01,2016-12-02,games,tabletop games,31,2016,11,Tuesday,1
2197,30000.0,US,USD,2015-01-29,2015-02-28,games,tabletop games,30,2015,1,Thursday,1
2198,40000.0,US,USD,2015-10-15,2015-11-14,games,tabletop games,30,2015,10,Thursday,1
2199,9000.0,IE,EUR,2015-09-15,2015-10-15,games,tabletop games,30,2015,9,Tuesday,1
2200,2000.0,GB,GBP,2015-06-08,2015-07-06,games,tabletop games,28,2015,6,Monday,1
2201,110.0,GB,GBP,2013-01-02,2013-01-16,music,electronic music,14,2013,1,Wednesday,1
2202,4000.0,US,USD,2012-10-02,2012-11-01,music,electronic music,30,2012,10,Tuesday,1
2203,2000.0,CA,CAD,2015-08-25,2015-09-24,music,electronic music,30,2015,8,Tuesday,1
2204,1500.0,US,USD,2013-02-07,2013-03-09,music,electronic music,30,2013,2,Thursday,1
2205,750.0,US,USD,2012-05-02,2012-06-01,music,electronic music,30,2012,5,Wednesday,1
2206,1100.0,US,USD,2012-03-29,2012-04-16,music,electronic music,18,2012,3,Thursday,1
2207,2000.0,US,USD,2013-10-17,2013-11-16,music,electronic music,30,2013,10,Thursday,1
2208,1000.0,US,USD,2012-02-07,2012-04-07,music,electronic music,60,2012,2,Tuesday,1
2209,500.0,GB,GBP,2014-04-03,2014-04-14,music,electronic music,11,2014,4,Thursday,1
2210,4000.0,US,USD,2012-02-17,2012-04-14,music,electronic music,57,2012,2,Friday,1
2211,2500.0,US,USD,2014-03-18,2014-04-10,music,electronic music,23,2014,3,Tuesday,1
2212,6000.0,US,USD,2013-10-01,2013-11-04,music,electronic music,34,2013,10,Tuesday,1
2213,5.0,US,USD,2015-04-15,2015-05-15,music,electronic music,30,2015,4,Wednesday,1
2214,600.0,US,USD,2014-01-07,2014-02-06,music,electronic music,30,2014,1,Tuesday,1
2215,550.0,US,USD,2012-02-19,2012-03-13,music,electronic music,23,2012,2,Sunday,1
2216,300.0,US,USD,2015-07-09,2015-07-23,music,electronic music,14,2015,7,Thursday,1
2217,420.0,US,USD,2015-10-22,2015-11-02,music,electronic music,11,2015,10,Thursday,1
2218,2000.0,US,USD,2012-08-06,2012-08-29,music,electronic music,23,2012,8,Monday,1
2219,1000.0,US,USD,2015-07-20,2015-08-19,music,electronic music,30,2015,7,Monday,1
2220,3500.0,US,USD,2013-06-27,2013-07-27,music,electronic music,30,2013,6,Thursday,1
2221,7500.0,US,USD,2016-03-23,2016-04-23,games,tabletop games,31,2016,3,Wednesday,1
2222,500.0,US,USD,2011-12-29,2012-01-28,games,tabletop games,30,2011,12,Thursday,1
2223,19500.0,CA,CAD,2015-05-28,2015-06-27,games,tabletop games,30,2015,5,Thursday,1
2224,10000.0,US,USD,2016-10-01,2016-10-29,games,tabletop games,28,2016,10,Saturday,1
2225,21000.0,GB,GBP,2014-08-22,2014-09-21,games,tabletop games,30,2014,8,Friday,1
2226,18000.0,US,USD,2016-01-12,2016-02-12,games,tabletop games,31,2016,1,Tuesday,1
2227,13000.0,GB,GBP,2013-10-14,2013-11-13,games,tabletop games,30,2013,10,Monday,1
2228,1000.0,DE,EUR,2015-07-17,2015-08-16,games,tabletop games,30,2015,7,Friday,1
2229,8012.0,US,USD,2013-07-29,2013-09-03,games,tabletop games,36,2013,7,Monday,1
2230,8500.0,US,USD,2014-03-26,2014-04-25,games,tabletop games,30,2014,3,Wednesday,1
2231,2500.0,US,USD,2013-05-29,2013-06-25,games,tabletop games,27,2013,5,Wednesday,1
2232,5000.0,US,USD,2014-06-16,2014-07-19,games,tabletop games,33,2014,6,Monday,1
2233,2500.0,GB,GBP,2015-11-23,2015-12-14,games,tabletop games,21,2015,11,Monday,1
2234,100.0,US,USD,2016-12-06,2017-01-05,games,tabletop games,30,2016,12,Tuesday,1
2235,13000.0,CA,CAD,2015-02-27,2015-03-28,games,tabletop games,29,2015,2,Friday,1
2236,2800.0,US,USD,2016-01-02,2016-02-01,games,tabletop games,30,2016,1,Saturday,1
2237,18000.0,US,USD,2014-10-03,2014-11-12,games,tabletop games,40,2014,10,Friday,1
2238,4000.0,DE,EUR,2017-02-08,2017-03-10,games,tabletop games,30,2017,2,Wednesday,1
2239,25000.0,US,USD,2013-10-25,2013-12-01,games,tabletop games,37,2013,10,Friday,1
2240,5000.0,US,USD,2016-03-23,2016-04-22,games,tabletop games,30,2016,3,Wednesday,1
2241,1000.0,GB,GBP,2017-01-31,2017-03-02,games,tabletop games,30,2017,1,Tuesday,1
2242,10000.0,US,USD,2013-10-22,2013-11-27,games,tabletop games,36,2013,10,Tuesday,1
2243,1.0,US,USD,2017-03-06,2017-03-13,games,tabletop games,7,2017,3,Monday,1
2244,5000.0,US,USD,2016-10-04,2016-10-16,games,tabletop games,12,2016,10,Tuesday,1
2245,4000.0,US,USD,2014-01-21,2014-02-21,games,tabletop games,31,2014,1,Tuesday,1
2246,2500.0,GB,GBP,2015-08-05,2015-09-04,games,tabletop games,30,2015,8,Wednesday,1
2247,18500.0,US,USD,2015-07-15,2015-07-29,games,tabletop games,14,2015,7,Wednesday,1
2248,7000.0,GB,GBP,2016-11-14,2016-12-14,games,tabletop games,30,2016,11,Monday,1
2249,3500.0,US,USD,2013-03-03,2013-04-02,games,tabletop games,30,2013,3,Sunday,1
2250,25000.0,US,USD,2016-11-03,2016-12-03,games,tabletop games,30,2016,11,Thursday,1
2251,8500.0,US,USD,2014-07-26,2014-08-16,games,tabletop games,21,2014,7,Saturday,1
2252,9000.0,ES,EUR,2016-07-22,2016-08-06,games,tabletop games,15,2016,7,Friday,1
2253,8000.0,US,USD,2015-10-19,2015-11-18,games,tabletop games,30,2015,10,Monday,1
2254,500.0,US,USD,2017-01-17,2017-01-24,games,tabletop games,7,2017,1,Tuesday,1
2255,3950.0,US,USD,2016-04-07,2016-05-07,games,tabletop games,30,2016,4,Thursday,1
2256,480.0,GB,GBP,2016-11-08,2016-11-22,games,tabletop games,14,2016,11,Tuesday,1
2257,2500.0,GB,GBP,2016-05-15,2016-06-19,games,tabletop games,35,2016,5,Sunday,1
2258,2200.0,US,USD,2015-05-12,2015-06-11,games,tabletop games,30,2015,5,Tuesday,1
2259,1000.0,GB,GBP,2016-11-28,2016-12-08,games,tabletop games,10,2016,11,Monday,1
2260,2500.0,US,USD,2014-02-25,2014-03-26,games,tabletop games,29,2014,2,Tuesday,1
2261,1000.0,AU,AUD,2017-01-24,2017-02-14,games,tabletop games,21,2017,1,Tuesday,1
2262,3300.0,US,USD,2014-10-14,2014-11-18,games,tabletop games,35,2014,10,Tuesday,1
2263,7500.0,SE,SEK,2015-01-10,2015-01-31,games,tabletop games,21,2015,1,Saturday,1
2264,6000.0,US,USD,2016-05-06,2016-05-23,games,tabletop games,17,2016,5,Friday,1
2265,200.0,GB,GBP,2016-11-15,2016-11-22,games,tabletop games,7,2016,11,Tuesday,1
2266,1500.0,US,USD,2016-04-09,2016-04-27,games,tabletop games,18,2016,4,Saturday,1
2267,20000.0,US,USD,2014-11-25,2014-12-21,games,tabletop games,26,2014,11,Tuesday,1
2268,28000.0,US,USD,2017-02-10,2017-03-12,games,tabletop games,30,2017,2,Friday,1
2269,2500.0,US,USD,2017-02-10,2017-03-07,games,tabletop games,25,2017,2,Friday,1
2270,25000.0,US,USD,2016-12-21,2017-01-10,games,tabletop games,20,2016,12,Wednesday,1
2271,20000.0,US,USD,2016-11-10,2016-12-10,games,tabletop games,30,2016,11,Thursday,1
2272,1000.0,US,USD,2015-11-07,2015-12-07,games,tabletop games,30,2015,11,Saturday,1
2273,2500.0,CA,CAD,2017-02-15,2017-03-12,games,tabletop games,25,2017,2,Wednesday,1
2274,2500.0,US,USD,2014-01-24,2014-02-23,games,tabletop games,30,2014,1,Friday,1
2275,650.0,GB,GBP,2014-11-22,2014-12-22,games,tabletop games,30,2014,11,Saturday,1
2276,4589.0,US,USD,2013-12-06,2014-01-05,games,tabletop games,30,2013,12,Friday,1
2277,8500.0,US,USD,2012-01-28,2012-02-27,games,tabletop games,30,2012,1,Saturday,1
2278,2000.0,IT,EUR,2015-11-30,2016-01-03,games,tabletop games,34,2015,11,Monday,1
2279,1000.0,US,USD,2015-01-16,2015-02-04,games,tabletop games,19,2015,1,Friday,1
2280,9800.0,US,USD,2015-08-18,2015-09-17,games,tabletop games,30,2015,8,Tuesday,1
2281,300.0,US,USD,2011-05-24,2011-07-25,music,rock,62,2011,5,Tuesday,1
2282,750.0,US,USD,2015-11-15,2016-01-14,music,rock,60,2015,11,Sunday,1
2283,3000.0,US,USD,2012-03-10,2012-05-09,music,rock,60,2012,3,Saturday,1
2284,6000.0,US,USD,2011-02-11,2011-03-12,music,rock,29,2011,2,Friday,1
2285,3000.0,US,USD,2012-05-30,2012-06-29,music,rock,30,2012,5,Wednesday,1
2286,1500.0,US,USD,2013-08-08,2013-09-06,music,rock,29,2013,8,Thursday,1
2287,4500.0,US,USD,2014-06-02,2014-06-23,music,rock,21,2014,6,Monday,1
2288,1000.0,US,USD,2012-06-07,2012-06-26,music,rock,19,2012,6,Thursday,1
2289,1500.0,US,USD,2013-10-24,2013-12-06,music,rock,43,2013,10,Thursday,1
2290,1500.0,US,USD,2009-09-14,2009-12-01,music,rock,78,2009,9,Monday,1
2291,2500.0,US,USD,2012-03-19,2012-04-23,music,rock,35,2012,3,Monday,1
2292,2000.0,US,USD,2012-03-19,2012-04-18,music,rock,30,2012,3,Monday,1
2293,850.0,US,USD,2012-08-30,2012-09-25,music,rock,26,2012,8,Thursday,1
2294,5000.0,US,USD,2012-12-21,2013-01-20,music,rock,30,2012,12,Friday,1
2295,1200.0,US,USD,2012-12-27,2013-01-26,music,rock,30,2012,12,Thursday,1
2296,7000.0,US,USD,2012-01-19,2012-02-23,music,rock,35,2012,1,Thursday,1
2297,1000.0,US,USD,2012-02-09,2012-03-14,music,rock,34,2012,2,Thursday,1
2298,30000.0,US,USD,2014-02-24,2014-03-26,music,rock,30,2014,2,Monday,1
2299,300.0,US,USD,2011-01-22,2011-02-06,music,rock,15,2011,1,Saturday,1
2300,800.0,US,USD,2012-06-14,2012-06-28,music,rock,14,2012,6,Thursday,1
2301,5000.0,US,USD,2013-05-22,2013-06-21,music,indie rock,30,2013,5,Wednesday,1
2302,2300.0,US,USD,2013-11-27,2013-12-31,music,indie rock,34,2013,11,Wednesday,1
2303,6450.0,US,USD,2011-11-03,2011-12-13,music,indie rock,40,2011,11,Thursday,1
2304,6000.0,US,USD,2010-11-20,2011-01-01,music,indie rock,42,2010,11,Saturday,1
2305,18000.0,US,USD,2014-07-14,2014-08-08,music,indie rock,25,2014,7,Monday,1
2306,3500.0,US,USD,2012-02-09,2012-03-10,music,indie rock,30,2012,2,Thursday,1
2307,1964.47,US,USD,2012-04-05,2012-05-05,music,indie rock,30,2012,4,Thursday,1
2308,50000.0,US,USD,2014-07-31,2014-08-29,music,indie rock,29,2014,7,Thursday,1
2309,6000.0,US,USD,2013-02-02,2013-03-09,music,indie rock,35,2013,2,Saturday,1
2310,18500.0,US,USD,2013-02-19,2013-03-21,music,indie rock,30,2013,2,Tuesday,1
2311,9000.0,US,USD,2014-04-07,2014-05-07,music,indie rock,30,2014,4,Monday,1
2312,3000.0,US,USD,2014-03-18,2014-04-18,music,indie rock,31,2014,3,Tuesday,1
2313,5000.0,US,USD,2012-04-03,2012-05-03,music,indie rock,30,2012,4,Tuesday,1
2314,1200.0,US,USD,2012-05-08,2012-06-07,music,indie rock,30,2012,5,Tuesday,1
2315,2500.0,US,USD,2012-04-05,2012-05-05,music,indie rock,30,2012,4,Thursday,1
2316,15000.0,US,USD,2009-09-23,2009-12-09,music,indie rock,77,2009,9,Wednesday,1
2317,400.0,US,USD,2010-01-14,2010-02-15,music,indie rock,32,2010,1,Thursday,1
2318,5000.0,US,USD,2009-08-25,2009-09-26,music,indie rock,32,2009,8,Tuesday,1
2319,3000.0,US,USD,2013-11-15,2013-12-15,music,indie rock,30,2013,11,Friday,1
2320,5000.0,US,USD,2014-02-26,2014-04-02,music,indie rock,35,2014,2,Wednesday,1
2327,35000.0,US,USD,2014-07-22,2014-08-26,food,small batch,35,2014,7,Tuesday,1
2328,10000.0,US,USD,2015-05-15,2015-06-14,food,small batch,30,2015,5,Friday,1
2329,25000.0,US,USD,2014-06-17,2014-07-17,food,small batch,30,2014,6,Tuesday,1
2330,35000.0,US,USD,2015-11-24,2015-12-25,food,small batch,31,2015,11,Tuesday,1
2331,8000.0,US,USD,2014-07-19,2014-08-18,food,small batch,30,2014,7,Saturday,1
2332,25000.0,US,USD,2015-01-07,2015-02-06,food,small batch,30,2015,1,Wednesday,1
2333,600.0,US,USD,2014-05-08,2014-05-29,food,small batch,21,2014,5,Thursday,1
2334,4000.0,US,USD,2014-10-06,2014-11-05,food,small batch,30,2014,10,Monday,1
2335,25000.0,US,USD,2014-05-12,2014-06-11,food,small batch,30,2014,5,Monday,1
2336,20000.0,US,USD,2014-01-27,2014-03-08,food,small batch,40,2014,1,Monday,1
2337,12000.0,US,USD,2014-05-27,2014-06-26,food,small batch,30,2014,5,Tuesday,1
2338,15000.0,US,USD,2014-05-30,2014-06-29,food,small batch,30,2014,5,Friday,1
2339,25000.0,US,USD,2016-11-18,2016-12-19,food,small batch,31,2016,11,Friday,1
2340,40000.0,US,USD,2016-09-30,2016-10-30,food,small batch,30,2016,9,Friday,1
2401,28000.0,US,USD,2016-01-05,2016-03-05,food,food trucks,60,2016,1,Tuesday,0
2402,12000.0,US,USD,2015-04-13,2015-05-13,food,food trucks,30,2015,4,Monday,0
2403,1200.0,GB,GBP,2016-01-30,2016-03-30,food,food trucks,60,2016,1,Saturday,0
2404,15000.0,US,USD,2015-12-04,2016-01-03,food,food trucks,30,2015,12,Friday,0
2405,5000.0,US,USD,2016-08-13,2016-09-03,food,food trucks,21,2016,8,Saturday,0
2406,3250.0,US,USD,2014-12-10,2015-01-19,food,food trucks,40,2014,12,Wednesday,0
2407,22000.0,US,USD,2015-03-19,2015-04-11,food,food trucks,23,2015,3,Thursday,0
2408,15000.0,US,USD,2014-10-07,2014-11-06,food,food trucks,30,2014,10,Tuesday,0
2409,25000.0,US,USD,2015-07-19,2015-08-18,food,food trucks,30,2015,7,Sunday,0
2410,15000.0,AU,AUD,2015-08-08,2015-09-07,food,food trucks,30,2015,8,Saturday,0
2411,25000.0,US,USD,2015-07-26,2015-08-25,food,food trucks,30,2015,7,Sunday,0
2412,8000.0,FR,EUR,2016-10-12,2016-11-26,food,food trucks,45,2016,10,Wednesday,0
2413,3000.0,US,USD,2014-05-01,2014-05-31,food,food trucks,30,2014,5,Thursday,0
2414,15000.0,US,USD,2015-07-13,2015-08-22,food,food trucks,40,2015,7,Monday,0
2415,60000.0,US,USD,2016-06-15,2016-07-15,food,food trucks,30,2016,6,Wednesday,0
2416,20000.0,US,USD,2015-01-15,2015-03-14,food,food trucks,58,2015,1,Thursday,0
2417,1000.0,US,USD,2014-07-11,2014-08-10,food,food trucks,30,2014,7,Friday,0
2418,25000.0,US,USD,2015-01-23,2015-03-24,food,food trucks,60,2015,1,Friday,0
2419,3000.0,US,USD,2014-12-20,2015-02-18,food,food trucks,60,2014,12,Saturday,0
2420,16870.0,US,USD,2014-09-11,2014-11-10,food,food trucks,60,2014,9,Thursday,0
2421,6000.0,US,USD,2015-01-22,2015-02-21,food,food trucks,30,2015,1,Thursday,0
2422,500.0,US,USD,2015-02-09,2015-03-11,food,food trucks,30,2015,2,Monday,0
2423,60000.0,US,USD,2014-12-01,2014-12-31,food,food trucks,30,2014,12,Monday,0
2424,25000.0,US,USD,2014-09-27,2014-10-27,food,food trucks,30,2014,9,Saturday,0
2425,3500.0,US,USD,2016-05-12,2016-05-27,food,food trucks,15,2016,5,Thursday,0
2426,20000.0,US,USD,2015-06-09,2015-08-08,food,food trucks,60,2015,6,Tuesday,0
2427,50000.0,US,USD,2016-02-12,2016-03-23,food,food trucks,40,2016,2,Friday,0
2428,35000.0,US,USD,2015-02-10,2015-03-12,food,food trucks,30,2015,2,Tuesday,0
2429,140000.0,NO,NOK,2016-12-30,2017-02-05,food,food trucks,37,2016,12,Friday,0
2430,3000.0,US,USD,2016-01-13,2016-02-12,food,food trucks,30,2016,1,Wednesday,0
2431,100000.0,US,USD,2016-04-29,2016-06-28,food,food trucks,60,2016,4,Friday,0
2432,14000.0,US,USD,2015-02-06,2015-03-08,food,food trucks,30,2015,2,Friday,0
2433,10000.0,US,USD,2016-01-28,2016-02-27,food,food trucks,30,2016,1,Thursday,0
2434,20000.0,US,USD,2015-06-25,2015-08-04,food,food trucks,40,2015,6,Thursday,0
2435,250000.0,SE,SEK,2015-09-05,2015-10-05,food,food trucks,30,2015,9,Saturday,0
2436,117000.0,CA,CAD,2015-11-30,2016-01-29,food,food trucks,60,2015,11,Monday,0
2437,8000.0,US,USD,2015-01-27,2015-03-17,food,food trucks,49,2015,1,Tuesday,0
2438,15000.0,US,USD,2015-10-08,2015-12-07,food,food trucks,60,2015,10,Thursday,0
2439,10000.0,US,USD,2015-09-18,2015-10-18,food,food trucks,30,2015,9,Friday,0
2440,5000.0,BE,EUR,2016-01-14,2016-02-13,food,food trucks,30,2016,1,Thursday,0
2441,7500.0,US,USD,2015-07-02,2015-07-23,food,small batch,21,2015,7,Thursday,1
2442,24000.0,US,USD,2015-02-17,2015-03-19,food,small batch,30,2015,2,Tuesday,1
2443,20000.0,US,USD,2014-07-16,2014-08-15,food,small batch,30,2014,7,Wednesday,1
2444,3000.0,US,USD,2016-04-25,2016-05-25,food,small batch,30,2016,4,Monday,1
2445,5000.0,US,USD,2015-08-27,2015-09-26,food,small batch,30,2015,8,Thursday,1
2446,5000.0,US,USD,2016-10-27,2016-11-26,food,small batch,30,2016,10,Thursday,1
2447,2500.0,US,USD,2016-10-11,2016-11-12,food,small batch,32,2016,10,Tuesday,1
2448,400.0,US,USD,2016-08-25,2016-08-31,food,small batch,6,2016,8,Thursday,1
2449,10000.0,US,USD,2014-10-31,2014-11-30,food,small batch,30,2014,10,Friday,1
2450,15000.0,US,USD,2014-09-20,2014-10-28,food,small batch,38,2014,9,Saturday,1
2451,10000.0,US,USD,2017-02-13,2017-03-05,food,small batch,20,2017,2,Monday,1
2452,600.0,US,USD,2015-11-30,2015-12-29,food,small batch,29,2015,11,Monday,1
2453,3000.0,US,USD,2017-01-03,2017-02-02,food,small batch,30,2017,1,Tuesday,1
2454,35000.0,US,USD,2017-02-04,2017-03-11,food,small batch,35,2017,2,Saturday,1
2455,300.0,US,USD,2016-03-23,2016-04-20,food,small batch,28,2016,3,Wednesday,1
2456,1500.0,US,USD,2017-01-26,2017-02-25,food,small batch,30,2017,1,Thursday,1
2457,23000.0,US,USD,2016-02-23,2016-03-24,food,small batch,30,2016,2,Tuesday,1
2458,5000.0,US,USD,2016-05-05,2016-06-09,food,small batch,35,2016,5,Thursday,1
2459,30000.0,US,USD,2016-02-07,2016-03-23,food,small batch,45,2016,2,Sunday,1
2460,8500.0,US,USD,2016-11-30,2017-01-03,food,small batch,34,2016,11,Wednesday,1
2461,7500.0,US,USD,2011-08-29,2011-10-01,music,indie rock,33,2011,8,Monday,1
2462,3000.0,US,USD,2012-06-29,2012-07-19,music,indie rock,20,2012,6,Friday,1
2463,2000.0,US,USD,2013-03-08,2013-04-16,music,indie rock,39,2013,3,Friday,1
2464,2000.0,CA,CAD,2015-09-01,2015-09-30,music,indie rock,29,2015,9,Tuesday,1
2465,700.0,US,USD,2012-08-24,2012-09-23,music,indie rock,30,2012,8,Friday,1
2466,2500.0,US,USD,2013-04-09,2013-05-09,music,indie rock,30,2013,4,Tuesday,1
2467,1000.0,US,USD,2012-04-26,2012-05-10,music,indie rock,14,2012,4,Thursday,1
2468,2000.0,US,USD,2012-09-22,2012-10-28,music,indie rock,36,2012,9,Saturday,1
2469,1200.0,US,USD,2011-01-14,2011-02-08,music,indie rock,25,2011,1,Friday,1
2470,1000.0,US,USD,2012-04-24,2012-05-24,music,indie rock,30,2012,4,Tuesday,1
2471,500.0,US,USD,2011-12-16,2012-01-25,music,indie rock,40,2011,12,Friday,1
2472,7500.0,US,USD,2010-06-25,2010-09-04,music,indie rock,71,2010,6,Friday,1
2473,2000.0,US,USD,2012-10-11,2012-11-10,music,indie rock,30,2012,10,Thursday,1
2474,5000.0,US,USD,2010-08-27,2010-10-11,music,indie rock,45,2010,8,Friday,1
2475,2500.0,US,USD,2010-05-12,2010-07-10,music,indie rock,59,2010,5,Wednesday,1
2476,3200.0,US,USD,2014-10-01,2014-11-03,music,indie rock,33,2014,10,Wednesday,1
2477,750.0,US,USD,2012-06-28,2012-08-12,music,indie rock,45,2012,6,Thursday,1
2478,8000.0,US,USD,2012-12-14,2013-01-13,music,indie rock,30,2012,12,Friday,1
2479,300.0,US,USD,2012-07-17,2012-07-28,music,indie rock,11,2012,7,Tuesday,1
2480,2000.0,US,USD,2015-08-11,2015-10-10,music,indie rock,60,2015,8,Tuesday,1
2481,4000.0,US,USD,2012-03-31,2012-04-30,music,indie rock,30,2012,3,Saturday,1
2482,1000.0,US,USD,2011-06-17,2011-08-01,music,indie rock,45,2011,6,Friday,1
2483,1100.0,US,USD,2012-03-02,2012-05-01,music,indie rock,60,2012,3,Friday,1
2484,3500.0,US,USD,2011-08-16,2011-09-15,music,indie rock,30,2011,8,Tuesday,1
2485,2000.0,US,USD,2011-09-07,2011-10-12,music,indie rock,35,2011,9,Wednesday,1
2486,300.0,US,USD,2012-03-23,2012-04-22,music,indie rock,30,2012,3,Friday,1
2487,1500.0,US,USD,2012-04-27,2012-05-27,music,indie rock,30,2012,4,Friday,1
2488,3000.0,US,USD,2011-10-17,2011-11-16,music,indie rock,30,2011,10,Monday,1
2489,3500.0,US,USD,2013-04-09,2013-05-09,music,indie rock,30,2013,4,Tuesday,1
2490,500.0,US,USD,2012-04-24,2012-06-23,music,indie rock,60,2012,4,Tuesday,1
2491,500.0,US,USD,2010-12-30,2011-01-16,music,indie rock,17,2010,12,Thursday,1
2492,600.0,US,USD,2012-04-25,2012-06-16,music,indie rock,52,2012,4,Wednesday,1
2493,20000.0,US,USD,2013-03-15,2013-04-29,music,indie rock,45,2013,3,Friday,1
2494,1500.0,US,USD,2012-04-23,2012-05-23,music,indie rock,30,2012,4,Monday,1
2495,1500.0,US,USD,2012-05-07,2012-06-06,music,indie rock,30,2012,5,Monday,1
2496,6000.0,US,USD,2013-02-22,2013-03-29,music,indie rock,35,2013,2,Friday,1
2497,4000.0,US,USD,2011-07-06,2011-08-05,music,indie rock,30,2011,7,Wednesday,1
2498,1000.0,US,USD,2015-01-13,2015-01-27,music,indie rock,14,2015,1,Tuesday,1
2499,4000.0,US,USD,2012-11-13,2012-12-31,music,indie rock,48,2012,11,Tuesday,1
2500,600.0,US,USD,2012-05-24,2012-06-23,music,indie rock,30,2012,5,Thursday,1
2501,11000.0,CA,CAD,2015-08-28,2015-09-27,food,restaurants,30,2015,8,Friday,0
2502,110000.0,US,USD,2014-08-07,2014-09-21,food,restaurants,45,2014,8,Thursday,0
2503,10000.0,US,USD,2016-05-08,2016-06-07,food,restaurants,30,2016,5,Sunday,0
2504,35000.0,US,USD,2014-10-16,2014-11-15,food,restaurants,30,2014,10,Thursday,0
2505,7000.0,US,USD,2015-02-12,2015-03-14,food,restaurants,30,2015,2,Thursday,0
2506,5000.0,GB,GBP,2015-09-11,2015-10-03,food,restaurants,22,2015,9,Friday,0
2507,42850.0,US,USD,2015-04-11,2015-05-11,food,restaurants,30,2015,4,Saturday,0
2508,20000.0,US,USD,2014-07-15,2014-08-14,food,restaurants,30,2014,7,Tuesday,0
2509,95000.0,GB,GBP,2015-02-23,2015-04-20,food,restaurants,56,2015,2,Monday,0
2510,50000.0,US,USD,2015-03-15,2015-05-14,food,restaurants,60,2015,3,Sunday,0
2511,100000.0,GB,GBP,2016-01-02,2016-02-01,food,restaurants,30,2016,1,Saturday,0
2512,1150.0,US,USD,2014-11-28,2014-12-13,food,restaurants,15,2014,11,Friday,0
2513,180000.0,DE,EUR,2016-12-28,2017-02-26,food,restaurants,60,2016,12,Wednesday,0
2514,12000.0,US,USD,2014-08-03,2014-08-20,food,restaurants,17,2014,8,Sunday,0
2515,5000.0,US,USD,2015-01-23,2015-02-22,food,restaurants,30,2015,1,Friday,0
2516,22000.0,US,USD,2014-10-30,2014-11-29,food,restaurants,30,2014,10,Thursday,0
2517,18000.0,CA,CAD,2015-02-17,2015-03-19,food,restaurants,30,2015,2,Tuesday,0
2518,5000.0,US,USD,2014-10-14,2014-11-13,food,restaurants,30,2014,10,Tuesday,0
2519,150000.0,US,USD,2014-06-19,2014-07-19,food,restaurants,30,2014,6,Thursday,0
2520,100000.0,US,USD,2016-08-30,2016-10-15,food,restaurants,46,2016,8,Tuesday,0
2521,12500.0,US,USD,2015-09-22,2015-10-13,music,classical music,21,2015,9,Tuesday,1
2522,5000.0,US,USD,2016-03-31,2016-04-22,music,classical music,22,2016,3,Thursday,1
2523,900.0,US,USD,2014-10-18,2014-11-18,music,classical music,31,2014,10,Saturday,1
2524,7500.0,US,USD,2014-11-18,2014-12-21,music,classical music,33,2014,11,Tuesday,1
2525,8000.0,US,USD,2012-05-29,2012-06-28,music,classical music,30,2012,5,Tuesday,1
2526,4000.0,US,USD,2014-11-10,2014-12-08,music,classical music,28,2014,11,Monday,1
2527,4000.0,US,USD,2013-09-29,2013-10-18,music,classical music,19,2013,9,Sunday,1
2528,4000.0,GB,GBP,2015-08-01,2015-08-20,music,classical music,19,2015,8,Saturday,1
2529,6000.0,US,USD,2012-02-09,2012-03-25,music,classical music,45,2012,2,Thursday,1
2530,6500.0,US,USD,2015-03-18,2015-04-20,music,classical music,33,2015,3,Wednesday,1
2531,4500.0,US,USD,2015-07-23,2015-08-15,music,classical music,23,2015,7,Thursday,1
2532,4000.0,US,USD,2012-07-17,2012-08-16,music,classical music,30,2012,7,Tuesday,1
2533,7500.0,US,USD,2013-01-30,2013-03-01,music,classical music,30,2013,1,Wednesday,1
2534,2000.0,US,USD,2009-11-10,2010-01-01,music,classical music,52,2009,11,Tuesday,1
2535,20000.0,US,USD,2014-10-31,2014-12-01,music,classical music,31,2014,10,Friday,1
2536,25.0,US,USD,2013-07-09,2013-07-30,music,classical music,21,2013,7,Tuesday,1
2537,1000.0,US,USD,2011-06-02,2011-08-01,music,classical music,60,2011,6,Thursday,1
2538,18000.0,US,USD,2013-01-24,2013-02-24,music,classical music,31,2013,1,Thursday,1
2539,10000.0,US,USD,2014-12-04,2015-02-02,music,classical music,60,2014,12,Thursday,1
2540,2500.0,US,USD,2011-08-30,2011-10-29,music,classical music,60,2011,8,Tuesday,1
2541,3500.0,GB,GBP,2013-07-28,2013-09-26,music,classical music,60,2013,7,Sunday,1
2542,700.0,US,USD,2013-08-23,2013-10-01,music,classical music,39,2013,8,Friday,1
2543,250.0,US,USD,2010-12-02,2011-01-02,music,classical music,31,2010,12,Thursday,1
2544,5000.0,US,USD,2012-06-08,2012-07-08,music,classical music,30,2012,6,Friday,1
2545,2000.0,US,USD,2015-01-23,2015-02-27,music,classical music,35,2015,1,Friday,1
2546,3500.0,US,USD,2013-09-07,2013-10-05,music,classical music,28,2013,9,Saturday,1
2547,5500.0,US,USD,2012-03-05,2012-04-04,music,classical music,30,2012,3,Monday,1
2548,6000.0,FR,EUR,2016-09-05,2016-09-30,music,classical music,25,2016,9,Monday,1
2549,1570.0,GB,GBP,2013-04-26,2013-05-31,music,classical music,35,2013,4,Friday,1
2550,6500.0,US,USD,2015-08-12,2015-10-08,music,classical music,57,2015,8,Wednesday,1
2551,3675.0,US,USD,2012-02-22,2012-03-21,music,classical music,28,2012,2,Wednesday,1
2552,3000.0,US,USD,2017-02-03,2017-03-05,music,classical music,30,2017,2,Friday,1
2553,1500.0,US,USD,2012-07-23,2012-09-21,music,classical music,60,2012,7,Monday,1
2554,3000.0,US,USD,2015-05-01,2015-06-01,music,classical music,31,2015,5,Friday,1
2555,2000.0,US,USD,2012-04-27,2012-05-28,music,classical music,31,2012,4,Friday,1
2556,745.0,US,USD,2012-11-09,2012-12-24,music,classical music,45,2012,11,Friday,1
2557,900.0,GB,GBP,2014-04-15,2014-05-15,music,classical music,30,2014,4,Tuesday,1
2558,1250.0,AU,AUD,2015-03-30,2015-05-01,music,classical music,32,2015,3,Monday,1
2559,800.0,US,USD,2011-10-13,2011-11-15,music,classical music,33,2011,10,Thursday,1
2560,3000.0,GB,GBP,2015-02-04,2015-03-06,music,classical music,30,2015,2,Wednesday,1
2581,5000.0,US,USD,2015-10-17,2015-11-16,food,food trucks,30,2015,10,Saturday,0
2582,90000.0,US,USD,2016-09-29,2016-10-29,food,food trucks,30,2016,9,Thursday,0
2583,1000.0,US,USD,2015-01-15,2015-03-16,food,food trucks,60,2015,1,Thursday,0
2584,10000.0,US,USD,2015-05-16,2015-06-15,food,food trucks,30,2015,5,Saturday,0
2585,30000.0,US,USD,2014-06-05,2014-07-05,food,food trucks,30,2014,6,Thursday,0
2586,3000.0,GB,GBP,2015-11-25,2015-12-25,food,food trucks,30,2015,11,Wednesday,0
2587,50000.0,US,USD,2015-11-30,2015-12-30,food,food trucks,30,2015,11,Monday,0
2588,6000.0,US,USD,2015-02-07,2015-03-31,food,food trucks,52,2015,2,Saturday,0
2589,50000.0,DK,DKK,2016-02-22,2016-03-23,food,food trucks,30,2016,2,Monday,0
2590,3000.0,AU,AUD,2016-01-19,2016-01-26,food,food trucks,7,2016,1,Tuesday,0
2591,1500.0,US,USD,2016-01-13,2016-03-13,food,food trucks,60,2016,1,Wednesday,0
2592,30000.0,US,USD,2014-09-05,2014-10-05,food,food trucks,30,2014,9,Friday,0
2593,10000.0,US,USD,2015-03-26,2015-04-25,food,food trucks,30,2015,3,Thursday,0
2594,80000.0,US,USD,2014-07-08,2014-08-07,food,food trucks,30,2014,7,Tuesday,0
2595,15000.0,US,USD,2017-01-25,2017-02-24,food,food trucks,30,2017,1,Wednesday,0
2596,35000.0,CA,CAD,2014-07-08,2014-08-07,food,food trucks,30,2014,7,Tuesday,0
2597,1500.0,GB,GBP,2016-05-20,2016-06-19,food,food trucks,30,2016,5,Friday,0
2598,3000.0,US,USD,2015-08-24,2015-09-23,food,food trucks,30,2015,8,Monday,0
2599,9041.0,US,USD,2014-06-19,2014-08-03,food,food trucks,45,2014,6,Thursday,0
2600,50000.0,US,USD,2016-01-25,2016-03-25,food,food trucks,60,2016,1,Monday,0
2601,500.0,US,USD,2012-08-29,2012-09-13,technology,space exploration,15,2012,8,Wednesday,1
2602,12000.0,US,USD,2014-10-03,2014-11-12,technology,space exploration,40,2014,10,Friday,1
2603,1750.0,US,USD,2013-12-09,2013-12-23,technology,space exploration,14,2013,12,Monday,1
2604,20000.0,US,USD,2012-03-30,2012-04-29,technology,space exploration,30,2012,3,Friday,1
2605,100000.0,US,USD,2016-05-18,2016-06-17,technology,space exploration,30,2016,5,Wednesday,1
2606,11000.0,US,USD,2014-03-28,2014-04-29,technology,space exploration,32,2014,3,Friday,1
2607,8000.0,US,USD,2015-06-29,2015-08-12,technology,space exploration,44,2015,6,Monday,1
2608,8000.0,US,USD,2017-02-01,2017-03-15,technology,space exploration,42,2017,2,Wednesday,1
2609,35000.0,US,USD,2012-06-15,2012-07-15,technology,space exploration,30,2012,6,Friday,1
2610,22765.0,US,USD,2016-07-13,2016-08-22,technology,space exploration,40,2016,7,Wednesday,1
2611,11000.0,DE,EUR,2016-11-30,2017-01-02,technology,space exploration,33,2016,11,Wednesday,1
2612,10000.0,US,USD,2014-12-09,2015-01-09,technology,space exploration,31,2014,12,Tuesday,1
2613,7500.0,US,USD,2012-08-22,2012-09-21,technology,space exploration,30,2012,8,Wednesday,1
2614,10500.0,US,USD,2014-04-01,2014-04-30,technology,space exploration,29,2014,4,Tuesday,1
2615,2001.0,GB,GBP,2016-03-24,2016-04-30,technology,space exploration,37,2016,3,Thursday,1
2616,25000.0,US,USD,2015-07-26,2015-08-25,technology,space exploration,30,2015,7,Sunday,1
2617,500.0,US,USD,2014-09-20,2014-10-20,technology,space exploration,30,2014,9,Saturday,1
2618,15000.0,US,USD,2015-10-02,2015-12-01,technology,space exploration,60,2015,10,Friday,1
2619,1000.0,US,USD,2015-09-26,2015-10-23,technology,space exploration,27,2015,9,Saturday,1
2620,65000.0,AU,AUD,2015-09-04,2015-10-11,technology,space exploration,37,2015,9,Friday,1
2621,15000.0,US,USD,2015-04-21,2015-05-21,technology,space exploration,30,2015,4,Tuesday,1
2622,1500.0,IT,EUR,2016-11-15,2016-12-30,technology,space exploration,45,2016,11,Tuesday,1
2623,2000.0,US,USD,2016-11-18,2016-12-02,technology,space exploration,14,2016,11,Friday,1
2624,8000.0,US,USD,2012-08-23,2012-09-13,technology,space exploration,21,2012,8,Thursday,1
2625,150.0,DE,EUR,2016-10-15,2016-11-09,technology,space exploration,25,2016,10,Saturday,1
2626,2500.0,US,USD,2015-05-04,2015-06-03,technology,space exploration,30,2015,5,Monday,1
2627,150.0,US,USD,2015-10-27,2015-11-26,technology,space exploration,30,2015,10,Tuesday,1
2628,839.0,US,USD,2014-11-10,2014-11-30,technology,space exploration,20,2014,11,Monday,1
2629,5000.0,GB,GBP,2015-04-14,2015-05-14,technology,space exploration,30,2015,4,Tuesday,1
2630,2000.0,AU,AUD,2016-06-03,2016-06-30,technology,space exploration,27,2016,6,Friday,1
2631,20000.0,US,USD,2015-08-02,2015-08-30,technology,space exploration,28,2015,8,Sunday,1
2632,1070.0,US,USD,2016-05-04,2016-05-29,technology,space exploration,25,2016,5,Wednesday,1
2633,5000.0,US,USD,2014-01-28,2014-02-27,technology,space exploration,30,2014,1,Tuesday,1
2634,930.0,US,USD,2016-08-30,2016-09-29,technology,space exploration,30,2016,8,Tuesday,1
2635,11500.0,CA,CAD,2015-02-02,2015-03-09,technology,space exploration,35,2015,2,Monday,1
2636,1000.0,US,USD,2016-09-23,2016-10-16,technology,space exploration,23,2016,9,Friday,1
2637,500.0,US,USD,2016-09-26,2016-10-12,technology,space exploration,16,2016,9,Monday,1
2638,347.0,US,USD,2014-12-16,2015-01-15,technology,space exploration,30,2014,12,Tuesday,1
2639,300.0,GB,GBP,2015-01-20,2015-02-19,technology,space exploration,30,2015,1,Tuesday,1
2640,3000.0,US,USD,2015-04-09,2015-06-08,technology,space exploration,60,2015,4,Thursday,1
2641,1500.0,US,USD,2014-08-29,2014-09-15,technology,space exploration,17,2014,8,Friday,0
2642,500000.0,DE,EUR,2016-06-15,2016-07-15,technology,space exploration,30,2016,6,Wednesday,0
2661,5000.0,US,USD,2013-09-25,2013-10-25,technology,makerspaces,30,2013,9,Wednesday,1
2662,20000.0,US,USD,2015-07-22,2015-08-21,technology,makerspaces,30,2015,7,Wednesday,1
2663,20000.0,CA,CAD,2015-08-06,2015-09-04,technology,makerspaces,29,2015,8,Thursday,1
2664,17500.0,US,USD,2015-11-05,2015-12-09,technology,makerspaces,34,2015,11,Thursday,1
2665,3500.0,US,USD,2015-03-20,2015-05-04,technology,makerspaces,45,2015,3,Friday,1
2666,10000.0,US,USD,2015-08-19,2015-09-25,technology,makerspaces,37,2015,8,Wednesday,1
2667,1500.0,US,USD,2016-01-11,2016-02-10,technology,makerspaces,30,2016,1,Monday,1
2668,1000.0,CA,CAD,2015-09-28,2015-11-09,technology,makerspaces,42,2015,9,Monday,1
2669,800.0,US,USD,2015-11-11,2016-01-10,technology,makerspaces,60,2015,11,Wednesday,1
2670,38888.0,AU,AUD,2014-07-01,2014-07-29,technology,makerspaces,28,2014,7,Tuesday,0
2671,25000.0,US,USD,2014-11-19,2014-12-19,technology,makerspaces,30,2014,11,Wednesday,0
2672,10000.0,US,USD,2015-12-06,2015-12-28,technology,makerspaces,22,2015,12,Sunday,0
2673,40000.0,US,USD,2014-09-30,2014-10-29,technology,makerspaces,29,2014,9,Tuesday,0
2674,35000.0,US,USD,2016-06-08,2016-07-05,technology,makerspaces,27,2016,6,Wednesday,0
2675,25000.0,US,USD,2014-10-11,2014-11-10,technology,makerspaces,30,2014,10,Saturday,0
2676,2100.0,CA,CAD,2016-04-22,2016-05-22,technology,makerspaces,30,2016,4,Friday,0
2677,19500.0,US,USD,2014-06-03,2014-07-03,technology,makerspaces,30,2014,6,Tuesday,0
2678,8000000.0,ES,EUR,2015-08-25,2015-09-24,technology,makerspaces,30,2015,8,Tuesday,0
2679,40000.0,US,USD,2015-01-29,2015-02-28,technology,makerspaces,30,2015,1,Thursday,0
2680,32000.0,ES,EUR,2016-03-07,2016-04-06,technology,makerspaces,30,2016,3,Monday,0
2681,8000.0,US,USD,2014-06-15,2014-07-10,food,food trucks,25,2014,6,Sunday,0
2682,6000.0,US,USD,2014-10-20,2014-11-22,food,food trucks,33,2014,10,Monday,0
2683,15000.0,US,USD,2015-01-30,2015-03-01,food,food trucks,30,2015,1,Friday,0
2684,70000.0,US,USD,2014-06-30,2014-08-09,food,food trucks,40,2014,6,Monday,0
2685,50000.0,US,USD,2015-02-26,2015-04-27,food,food trucks,60,2015,2,Thursday,0
2686,30000.0,US,USD,2014-09-10,2014-09-30,food,food trucks,20,2014,9,Wednesday,0
2687,15000.0,US,USD,2015-05-30,2015-06-29,food,food trucks,30,2015,5,Saturday,0
2688,50000.0,US,USD,2015-01-24,2015-02-24,food,food trucks,31,2015,1,Saturday,0
2689,35000.0,US,USD,2016-06-30,2016-07-30,food,food trucks,30,2016,6,Thursday,0
2690,80000.0,US,USD,2015-04-19,2015-06-03,food,food trucks,45,2015,4,Sunday,0
2691,65000.0,CA,CAD,2015-03-26,2015-05-10,food,food trucks,45,2015,3,Thursday,0
2692,3500.0,US,USD,2015-02-23,2015-03-25,food,food trucks,30,2015,2,Monday,0
2693,5000.0,US,USD,2014-07-14,2014-08-13,food,food trucks,30,2014,7,Monday,0
2694,30000.0,US,USD,2014-08-27,2014-09-26,food,food trucks,30,2014,8,Wednesday,0
2695,15000.0,US,USD,2015-02-13,2015-04-14,food,food trucks,60,2015,2,Friday,0
2696,60000.0,US,USD,2014-11-21,2014-12-25,food,food trucks,34,2014,11,Friday,0
2697,23000.0,US,USD,2015-07-02,2015-08-02,food,food trucks,31,2015,7,Thursday,0
2698,8000.0,US,USD,2014-05-28,2014-06-27,food,food trucks,30,2014,5,Wednesday,0
2699,2.0,CA,CAD,2014-07-09,2014-08-08,food,food trucks,30,2014,7,Wednesday,0
2700,9999.0,US,USD,2014-08-19,2014-09-18,food,food trucks,30,2014,8,Tuesday,0
2706,35000.0,US,USD,2014-09-17,2014-10-16,theater,spaces,29,2014,9,Wednesday,1
2707,8000.0,US,USD,2013-04-27,2013-05-27,theater,spaces,30,2013,4,Saturday,1
2708,20000.0,GB,GBP,2016-05-22,2016-07-21,theater,spaces,60,2016,5,Sunday,1
2709,50000.0,US,USD,2016-08-30,2016-10-04,theater,spaces,35,2016,8,Tuesday,1
2710,60000.0,US,USD,2014-07-08,2014-08-09,theater,spaces,32,2014,7,Tuesday,1
2711,3910.0,GB,GBP,2014-05-21,2014-06-20,theater,spaces,30,2014,5,Wednesday,1
2712,5500.0,US,USD,2013-06-07,2013-07-13,theater,spaces,36,2013,6,Friday,1
2713,150000.0,US,USD,2015-11-14,2015-12-24,theater,spaces,40,2015,11,Saturday,1
2714,25000.0,US,USD,2016-09-16,2016-10-14,theater,spaces,28,2016,9,Friday,1
2715,12000.0,US,USD,2016-01-18,2016-02-21,theater,spaces,34,2016,1,Monday,1
2716,10000.0,DE,EUR,2015-09-08,2015-10-08,theater,spaces,30,2015,9,Tuesday,1
2717,25000.0,US,USD,2014-10-22,2014-12-06,theater,spaces,45,2014,10,Wednesday,1
2718,18000.0,US,USD,2016-04-05,2016-05-03,theater,spaces,28,2016,4,Tuesday,1
2719,6000.0,US,USD,2016-02-18,2016-04-17,theater,spaces,59,2016,2,Thursday,1
2720,25000.0,US,USD,2016-10-12,2016-11-11,theater,spaces,30,2016,10,Wednesday,1
2721,750.0,GB,GBP,2013-08-07,2013-09-06,technology,hardware,30,2013,8,Wednesday,1
2722,5000.0,US,USD,2016-11-30,2017-01-29,technology,hardware,60,2016,11,Wednesday,1
2723,12000.0,US,USD,2014-11-01,2014-12-31,technology,hardware,60,2014,11,Saturday,1
2724,2468.0,GB,GBP,2015-07-14,2015-08-15,technology,hardware,32,2015,7,Tuesday,1
2725,40000.0,CA,CAD,2017-01-10,2017-03-01,technology,hardware,50,2017,1,Tuesday,1
2726,100000.0,US,USD,2016-03-23,2016-04-22,technology,hardware,30,2016,3,Wednesday,1
2727,10000.0,US,USD,2015-07-13,2015-08-07,technology,hardware,25,2015,7,Monday,1
2728,15000.0,US,USD,2015-11-25,2015-12-30,technology,hardware,35,2015,11,Wednesday,1
2729,7500.0,US,USD,2015-04-01,2015-05-01,technology,hardware,30,2015,4,Wednesday,1
2730,27000.0,US,USD,2013-03-18,2013-04-22,technology,hardware,35,2013,3,Monday,1
2731,30000.0,US,USD,2014-08-21,2014-10-18,technology,hardware,58,2014,8,Thursday,1
2732,12000.0,US,USD,2013-04-25,2013-05-28,technology,hardware,33,2013,4,Thursday,1
2733,50000.0,US,USD,2015-02-09,2015-04-10,technology,hardware,60,2015,2,Monday,1
2734,1.0,US,USD,2016-09-13,2016-10-13,technology,hardware,30,2016,9,Tuesday,1
2735,750.0,GB,GBP,2013-02-11,2013-03-13,technology,hardware,30,2013,2,Monday,1
2736,8000.0,CA,CAD,2014-03-24,2014-04-23,technology,hardware,30,2014,3,Monday,1
2737,30000.0,US,USD,2013-12-03,2014-01-15,technology,hardware,43,2013,12,Tuesday,1
2738,5000.0,US,USD,2016-09-07,2016-11-06,technology,hardware,60,2016,9,Wednesday,1
2739,1100.0,GB,GBP,2014-03-21,2014-05-05,technology,hardware,45,2014,3,Friday,1
2740,300.0,US,USD,2015-02-10,2015-03-11,technology,hardware,29,2015,2,Tuesday,1
2741,8000.0,US,USD,2014-09-29,2014-10-20,publishing,children's books,21,2014,9,Monday,0
2742,2500.0,US,USD,2012-05-01,2012-05-15,publishing,children's books,14,2012,5,Tuesday,0
2743,5999.0,US,USD,2016-09-19,2016-10-19,publishing,children's books,30,2016,9,Monday,0
2744,16000.0,US,USD,2012-01-30,2012-02-29,publishing,children's books,30,2012,1,Monday,0
2745,8000.0,US,USD,2012-05-15,2012-07-14,publishing,children's books,60,2012,5,Tuesday,0
2746,3000.0,US,USD,2014-07-30,2014-08-29,publishing,children's books,30,2014,7,Wednesday,0
2747,500.0,US,USD,2012-05-15,2012-06-16,publishing,children's books,32,2012,5,Tuesday,0
2748,5000.0,US,USD,2016-08-03,2016-09-02,publishing,children's books,30,2016,8,Wednesday,0
2749,10000.0,US,USD,2015-03-05,2015-04-04,publishing,children's books,30,2015,3,Thursday,0
2750,1999.0,US,USD,2012-06-18,2012-06-30,publishing,children's books,12,2012,6,Monday,0
2751,3274.0,US,USD,2014-04-18,2014-06-17,publishing,children's books,60,2014,4,Friday,0
2752,4800.0,US,USD,2011-11-08,2011-12-18,publishing,children's books,40,2011,11,Tuesday,0
2753,2000.0,US,USD,2012-07-27,2012-08-26,publishing,children's books,30,2012,7,Friday,0
2754,10000.0,US,USD,2014-08-12,2014-09-11,publishing,children's books,30,2014,8,Tuesday,0
2755,500.0,IE,EUR,2015-03-09,2015-04-08,publishing,children's books,30,2015,3,Monday,0
2756,10000.0,US,USD,2013-12-12,2014-01-11,publishing,children's books,30,2013,12,Thursday,0
2757,1500.0,US,USD,2016-07-22,2016-08-06,publishing,children's books,15,2016,7,Friday,0
2758,2000.0,AU,AUD,2016-09-26,2016-10-10,publishing,children's books,14,2016,9,Monday,0
2759,1000.0,AU,AUD,2016-06-03,2016-07-16,publishing,children's books,43,2016,6,Friday,0
2760,5000.0,GB,GBP,2013-05-21,2013-06-20,publishing,children's books,30,2013,5,Tuesday,0
2761,5000.0,US,USD,2012-12-04,2013-01-03,publishing,children's books,30,2012,12,Tuesday,0
2762,3250.0,US,USD,2012-01-19,2012-03-18,publishing,children's books,59,2012,1,Thursday,0
2763,39400.0,US,USD,2013-04-09,2013-05-24,publishing,children's books,45,2013,4,Tuesday,0
2764,4000.0,US,USD,2012-05-01,2012-05-30,publishing,children's books,29,2012,5,Tuesday,0
2765,4000.0,US,USD,2012-10-12,2012-10-28,publishing,children's books,16,2012,10,Friday,0
2766,5000.0,US,USD,2011-07-12,2011-08-11,publishing,children's books,30,2011,7,Tuesday,0
2767,4000.0,CA,CAD,2015-06-17,2015-08-16,publishing,children's books,60,2015,6,Wednesday,0
2768,7000.0,US,USD,2012-02-28,2012-03-29,publishing,children's books,30,2012,2,Tuesday,0
2769,800.0,GB,GBP,2014-04-16,2014-06-05,publishing,children's books,50,2014,4,Wednesday,0
2770,20000.0,US,USD,2014-02-16,2014-03-18,publishing,children's books,30,2014,2,Sunday,0
2771,19980.0,US,USD,2012-12-14,2013-02-01,publishing,children's books,49,2012,12,Friday,0
2772,8000.0,US,USD,2013-09-20,2013-10-05,publishing,children's books,15,2013,9,Friday,0
2773,530.0,CA,CAD,2016-04-14,2016-04-24,publishing,children's books,10,2016,4,Thursday,0
2774,4000.0,US,USD,2013-02-06,2013-03-08,publishing,children's books,30,2013,2,Wednesday,0
2775,5000.0,US,USD,2011-11-16,2011-12-16,publishing,children's books,30,2011,11,Wednesday,0
2776,21000.0,US,USD,2015-05-12,2015-06-12,publishing,children's books,31,2015,5,Tuesday,0
2777,3000.0,US,USD,2015-06-17,2015-07-17,publishing,children's books,30,2015,6,Wednesday,0
2778,5500.0,US,USD,2014-07-26,2014-08-25,publishing,children's books,30,2014,7,Saturday,0
2779,2500.0,US,USD,2015-10-23,2015-11-22,publishing,children's books,30,2015,10,Friday,0
2780,100000.0,IT,EUR,2017-02-08,2017-03-10,publishing,children's books,30,2017,2,Wednesday,0
2781,1250.0,US,USD,2015-01-14,2015-02-12,theater,plays,29,2015,1,Wednesday,1
2782,1000.0,US,USD,2015-01-22,2015-02-17,theater,plays,26,2015,1,Thursday,1
2783,1000.0,GB,GBP,2015-04-09,2015-04-23,theater,plays,14,2015,4,Thursday,1
2784,6000.0,US,USD,2014-10-08,2014-10-29,theater,plays,21,2014,10,Wednesday,1
2785,5000.0,US,USD,2016-07-07,2016-08-05,theater,plays,29,2016,7,Thursday,1
2786,2500.0,GB,GBP,2014-06-25,2014-07-09,theater,plays,14,2014,6,Wednesday,1
2787,1000.0,US,USD,2014-06-18,2014-07-18,theater,plays,30,2014,6,Wednesday,1
2788,2000.0,US,USD,2016-06-29,2016-07-29,theater,plays,30,2016,6,Wednesday,1
2789,3000.0,US,USD,2015-02-21,2015-03-12,theater,plays,19,2015,2,Saturday,1
2790,3000.0,US,USD,2015-01-12,2015-02-11,theater,plays,30,2015,1,Monday,1
2791,2000.0,US,USD,2016-08-09,2016-09-09,theater,plays,31,2016,8,Tuesday,1
2792,2000.0,US,USD,2015-06-28,2015-08-12,theater,plays,45,2015,6,Sunday,1
2793,10000.0,AU,AUD,2015-06-21,2015-07-21,theater,plays,30,2015,6,Sunday,1
2794,50.0,GB,GBP,2016-02-16,2016-03-03,theater,plays,16,2016,2,Tuesday,1
2795,700.0,US,USD,2014-05-21,2014-06-06,theater,plays,16,2014,5,Wednesday,1
2796,800.0,GB,GBP,2014-06-05,2014-07-05,theater,plays,30,2014,6,Thursday,1
2797,8000.0,GB,GBP,2014-06-08,2014-07-08,theater,plays,30,2014,6,Sunday,1
2798,5000.0,GB,GBP,2015-07-16,2015-07-31,theater,plays,15,2015,7,Thursday,1
2799,5000.0,GB,GBP,2016-05-17,2016-06-17,theater,plays,31,2016,5,Tuesday,1
2800,1000.0,GB,GBP,2014-11-05,2015-01-04,theater,plays,60,2014,11,Wednesday,1
2801,500.0,AU,AUD,2014-09-18,2014-10-10,theater,plays,22,2014,9,Thursday,1
2802,3000.0,GB,GBP,2015-07-07,2015-08-06,theater,plays,30,2015,7,Tuesday,1
2803,10000.0,US,USD,2015-06-03,2015-07-16,theater,plays,43,2015,6,Wednesday,1
2804,1000.0,GB,GBP,2014-08-30,2014-09-29,theater,plays,30,2014,8,Saturday,1
2805,400.0,GB,GBP,2015-07-28,2015-08-22,theater,plays,25,2015,7,Tuesday,1
2806,3000.0,GB,GBP,2015-06-30,2015-08-05,theater,plays,36,2015,6,Tuesday,1
2807,5000.0,US,USD,2015-05-30,2015-06-29,theater,plays,30,2015,5,Saturday,1
2808,4500.0,US,USD,2015-07-23,2015-08-22,theater,plays,30,2015,7,Thursday,1
2809,2500.0,US,USD,2016-03-22,2016-03-30,theater,plays,8,2016,3,Tuesday,1
2810,2500.0,US,USD,2014-04-30,2014-06-01,theater,plays,32,2014,4,Wednesday,1
2811,10000.0,GB,GBP,2015-01-24,2015-02-23,theater,plays,30,2015,1,Saturday,1
2812,5000.0,CA,CAD,2015-02-19,2015-04-06,theater,plays,46,2015,2,Thursday,1
2813,2800.0,US,USD,2016-11-19,2016-12-14,theater,plays,25,2016,11,Saturday,1
2814,1500.0,GB,GBP,2015-04-09,2015-05-09,theater,plays,30,2015,4,Thursday,1
2815,250.0,CA,CAD,2016-07-08,2016-08-07,theater,plays,30,2016,7,Friday,1
2816,3000.0,GB,GBP,2015-07-03,2015-08-02,theater,plays,30,2015,7,Friday,1
2817,600.0,GB,GBP,2015-01-19,2015-02-28,theater,plays,40,2015,1,Monday,1
2818,10000.0,US,USD,2015-09-03,2015-09-23,theater,plays,20,2015,9,Thursday,1
2819,5000.0,GB,GBP,2015-05-15,2015-06-14,theater,plays,30,2015,5,Friday,1
2820,200.0,GB,GBP,2016-02-01,2016-02-26,theater,plays,25,2016,2,Monday,1
2821,1000.0,GB,GBP,2014-08-24,2014-09-23,theater,plays,30,2014,8,Sunday,1
2822,6000.0,US,USD,2015-02-25,2015-03-27,theater,plays,30,2015,2,Wednesday,1
2823,100.0,GB,GBP,2015-03-04,2015-03-31,theater,plays,27,2015,3,Wednesday,1
2824,650.0,US,USD,2015-05-12,2015-06-13,theater,plays,32,2015,5,Tuesday,1
2825,3000.0,GB,GBP,2015-11-04,2015-12-04,theater,plays,30,2015,11,Wednesday,1
2826,2000.0,US,USD,2015-06-16,2015-07-10,theater,plays,24,2015,6,Tuesday,1
2827,2000.0,US,USD,2016-05-04,2016-06-03,theater,plays,30,2016,5,Wednesday,1
2828,9500.0,GB,GBP,2015-09-07,2015-10-02,theater,plays,25,2015,9,Monday,1
2829,2500.0,GB,GBP,2016-05-05,2016-06-02,theater,plays,28,2016,5,Thursday,1
2830,3000.0,US,USD,2014-04-29,2014-05-12,theater,plays,13,2014,4,Tuesday,1
2831,3000.0,US,USD,2015-06-16,2015-07-16,theater,plays,30,2015,6,Tuesday,1
2832,2500.0,GB,GBP,2014-10-26,2014-11-23,theater,plays,28,2014,10,Sunday,1
2833,2700.0,US,USD,2015-09-21,2015-10-11,theater,plays,20,2015,9,Monday,1
2834,800.0,GB,GBP,2015-01-15,2015-01-30,theater,plays,15,2015,1,Thursday,1
2835,1000.0,GB,GBP,2015-11-05,2015-12-05,theater,plays,30,2015,11,Thursday,1
2836,450.0,US,USD,2017-01-11,2017-02-18,theater,plays,38,2017,1,Wednesday,1
2837,850.0,CA,CAD,2015-10-30,2015-12-09,theater,plays,40,2015,10,Friday,1
2838,2000.0,US,USD,2014-07-22,2014-08-13,theater,plays,22,2014,7,Tuesday,1
2839,3500.0,US,USD,2014-08-02,2014-08-25,theater,plays,23,2014,8,Saturday,1
2840,2500.0,GB,GBP,2015-02-25,2015-03-18,theater,plays,21,2015,2,Wednesday,1
2841,1000.0,GB,GBP,2015-10-14,2015-12-13,theater,plays,60,2015,10,Wednesday,0
2842,1500.0,GB,GBP,2014-05-25,2014-06-21,theater,plays,27,2014,5,Sunday,0
2843,1200.0,US,USD,2016-05-02,2016-06-13,theater,plays,42,2016,5,Monday,0
2844,550.0,AT,EUR,2016-12-05,2017-01-04,theater,plays,30,2016,12,Monday,0
2845,7500.0,US,USD,2015-04-09,2015-06-08,theater,plays,60,2015,4,Thursday,0
2846,8000.0,US,USD,2015-04-14,2015-05-29,theater,plays,45,2015,4,Tuesday,0
2847,2000.0,US,USD,2016-03-24,2016-05-23,theater,plays,60,2016,3,Thursday,0
2848,35000.0,US,USD,2015-04-29,2015-05-29,theater,plays,30,2015,4,Wednesday,0
2849,500.0,GB,GBP,2016-03-24,2016-04-23,theater,plays,30,2016,3,Thursday,0
2850,8000.0,US,USD,2014-08-07,2014-09-06,theater,plays,30,2014,8,Thursday,0
2851,4500.0,IE,EUR,2016-01-21,2016-01-29,theater,plays,8,2016,1,Thursday,0
2852,5000.0,US,USD,2014-05-22,2014-06-21,theater,plays,30,2014,5,Thursday,0
2853,9500.0,CA,CAD,2014-07-16,2014-09-14,theater,plays,60,2014,7,Wednesday,0
2854,1000.0,GB,GBP,2015-04-17,2015-05-07,theater,plays,20,2015,4,Friday,0
2855,600.0,US,USD,2016-01-01,2016-01-29,theater,plays,28,2016,1,Friday,0
2856,3000.0,US,USD,2015-06-10,2015-08-08,theater,plays,59,2015,6,Wednesday,0
2857,38000.0,MX,MXN,2016-12-22,2017-02-20,theater,plays,60,2016,12,Thursday,0
2858,1000.0,NL,EUR,2014-11-11,2014-12-05,theater,plays,24,2014,11,Tuesday,0
2859,2000.0,AU,AUD,2015-08-17,2015-10-16,theater,plays,60,2015,8,Monday,0
2860,4000.0,US,USD,2016-04-20,2016-06-19,theater,plays,60,2016,4,Wednesday,0
2861,250.0,AU,AUD,2015-09-10,2015-09-24,theater,plays,14,2015,9,Thursday,0
2862,12700.0,US,USD,2014-05-25,2014-06-24,theater,plays,30,2014,5,Sunday,0
2863,50000.0,US,USD,2014-07-11,2014-09-09,theater,plays,60,2014,7,Friday,0
2864,2500.0,GB,GBP,2015-06-17,2015-07-17,theater,plays,30,2015,6,Wednesday,0
2865,2888.0,US,USD,2014-11-07,2015-01-06,theater,plays,60,2014,11,Friday,0
2866,5000.0,US,USD,2016-09-14,2016-10-14,theater,plays,30,2016,9,Wednesday,0
2867,2500.0,US,USD,2016-06-10,2016-07-04,theater,plays,24,2016,6,Friday,0
2868,15000.0,US,USD,2016-09-05,2016-10-05,theater,plays,30,2016,9,Monday,0
2869,20000.0,US,USD,2016-06-19,2016-07-19,theater,plays,30,2016,6,Sunday,0
2870,5000.0,US,USD,2014-04-17,2014-05-17,theater,plays,30,2014,4,Thursday,0
2871,10000.0,US,USD,2014-12-01,2014-12-21,theater,plays,20,2014,12,Monday,0
2872,3000.0,US,USD,2015-04-21,2015-06-20,theater,plays,60,2015,4,Tuesday,0
2873,2500.0,US,USD,2014-12-29,2015-01-28,theater,plays,30,2014,12,Monday,0
2874,5000.0,US,USD,2016-12-18,2017-01-17,theater,plays,30,2016,12,Sunday,0
2875,20000.0,US,USD,2016-04-05,2016-05-05,theater,plays,30,2016,4,Tuesday,0
2876,150000.0,US,USD,2015-06-16,2015-07-16,theater,plays,30,2015,6,Tuesday,0
2877,6000.0,US,USD,2016-10-29,2016-11-30,theater,plays,32,2016,10,Saturday,0
2878,3000.0,GB,GBP,2015-05-04,2015-07-03,theater,plays,60,2015,5,Monday,0
2879,11200.0,US,USD,2015-12-21,2016-01-20,theater,plays,30,2015,12,Monday,0
2880,12000.0,US,USD,2015-07-07,2015-08-20,theater,plays,44,2015,7,Tuesday,0
2881,5500.0,US,USD,2014-10-04,2014-12-03,theater,plays,60,2014,10,Saturday,0
2882,750.0,US,USD,2016-04-01,2016-05-01,theater,plays,30,2016,4,Friday,0
2883,10000.0,US,USD,2016-01-01,2016-02-06,theater,plays,36,2016,1,Friday,0
2884,45000.0,US,USD,2014-11-05,2014-12-05,theater,plays,30,2014,11,Wednesday,0
2885,400.0,US,USD,2015-02-12,2015-03-14,theater,plays,30,2015,2,Thursday,0
2886,200.0,US,USD,2015-09-14,2015-09-19,theater,plays,5,2015,9,Monday,0
2887,3000.0,US,USD,2014-12-12,2015-01-11,theater,plays,30,2014,12,Friday,0
2888,30000.0,US,USD,2014-10-10,2014-10-18,theater,plays,8,2014,10,Friday,0
2889,3000.0,US,USD,2014-07-30,2014-08-29,theater,plays,30,2014,7,Wednesday,0
2890,2000.0,US,USD,2014-07-11,2014-08-09,theater,plays,29,2014,7,Friday,0
2891,10000.0,US,USD,2016-02-15,2016-04-15,theater,plays,60,2016,2,Monday,0
2892,5500.0,US,USD,2014-08-18,2014-08-25,theater,plays,7,2014,8,Monday,0
2893,5000.0,US,USD,2014-11-10,2015-01-09,theater,plays,60,2014,11,Monday,0
2894,50000.0,US,USD,2015-02-02,2015-04-03,theater,plays,60,2015,2,Monday,0
2895,500.0,US,USD,2014-06-21,2014-06-22,theater,plays,1,2014,6,Saturday,0
2896,3000.0,US,USD,2016-11-27,2016-12-12,theater,plays,15,2016,11,Sunday,0
2897,12000.0,US,USD,2015-09-11,2015-10-11,theater,plays,30,2015,9,Friday,0
2898,7500.0,US,USD,2015-10-01,2015-10-31,theater,plays,30,2015,10,Thursday,0
2899,10000.0,US,USD,2016-05-25,2016-07-24,theater,plays,60,2016,5,Wednesday,0
2900,5500.0,US,USD,2014-07-10,2014-08-09,theater,plays,30,2014,7,Thursday,0
2901,750.0,US,USD,2014-12-09,2015-02-07,theater,plays,60,2014,12,Tuesday,0
2902,150000.0,US,USD,2015-07-25,2015-08-24,theater,plays,30,2015,7,Saturday,0
2903,5000.0,US,USD,2015-07-11,2015-09-09,theater,plays,60,2015,7,Saturday,0
2904,1500.0,GB,GBP,2014-10-28,2014-11-09,theater,plays,12,2014,10,Tuesday,0
2905,3500.0,US,USD,2016-08-24,2016-09-07,theater,plays,14,2016,8,Wednesday,0
2906,6000.0,US,USD,2015-07-14,2015-08-01,theater,plays,18,2015,7,Tuesday,0
2907,2500.0,US,USD,2016-03-15,2016-05-14,theater,plays,60,2016,3,Tuesday,0
2908,9600.0,US,USD,2016-05-09,2016-06-08,theater,plays,30,2016,5,Monday,0
2909,180000.0,US,USD,2014-10-17,2014-11-25,theater,plays,39,2014,10,Friday,0
2910,30000.0,GB,GBP,2015-04-13,2015-06-12,theater,plays,60,2015,4,Monday,0
2911,1800.0,US,USD,2015-05-18,2015-06-27,theater,plays,40,2015,5,Monday,0
2912,14440.0,US,USD,2015-12-16,2016-01-15,theater,plays,30,2015,12,Wednesday,0
2913,10000.0,US,USD,2014-07-08,2014-09-06,theater,plays,60,2014,7,Tuesday,0
2914,25000.0,GB,GBP,2015-01-13,2015-03-14,theater,plays,60,2015,1,Tuesday,0
2915,1000.0,GB,GBP,2016-02-15,2016-03-16,theater,plays,30,2016,2,Monday,0
2916,1850.0,GB,GBP,2014-04-26,2014-05-19,theater,plays,23,2014,4,Saturday,0
2917,2000.0,US,USD,2015-08-29,2015-09-16,theater,plays,18,2015,8,Saturday,0
2918,5000.0,US,USD,2015-10-01,2015-10-29,theater,plays,28,2015,10,Thursday,0
2919,600.0,US,USD,2014-07-06,2014-08-05,theater,plays,30,2014,7,Sunday,0
2920,2500.0,CA,CAD,2015-02-23,2015-03-25,theater,plays,30,2015,2,Monday,0
2921,100.0,US,USD,2014-08-26,2014-09-25,theater,musical,30,2014,8,Tuesday,1
2922,500.0,GB,GBP,2015-04-03,2015-05-18,theater,musical,45,2015,4,Friday,1
2923,300.0,US,USD,2015-01-09,2015-01-24,theater,musical,15,2015,1,Friday,1
2924,25000.0,US,USD,2015-04-09,2015-05-09,theater,musical,30,2015,4,Thursday,1
2925,45000.0,US,USD,2014-08-12,2014-09-11,theater,musical,30,2014,8,Tuesday,1
2926,3000.0,US,USD,2015-02-09,2015-02-23,theater,musical,14,2015,2,Monday,1
2927,1800.0,US,USD,2014-06-16,2014-07-15,theater,musical,29,2014,6,Monday,1
2928,1000.0,US,USD,2016-02-03,2016-03-04,theater,musical,30,2016,2,Wednesday,1
2929,8000.0,US,USD,2014-04-25,2014-05-25,theater,musical,30,2014,4,Friday,1
2930,10000.0,GB,GBP,2015-04-07,2015-05-07,theater,musical,30,2015,4,Tuesday,1
2931,750.0,CA,CAD,2014-08-21,2014-09-15,theater,musical,25,2014,8,Thursday,1
2932,3100.0,AU,AUD,2015-01-21,2015-02-21,theater,musical,31,2015,1,Wednesday,1
2933,2500.0,US,USD,2016-05-05,2016-06-04,theater,musical,30,2016,5,Thursday,1
2934,2500.0,CA,CAD,2014-05-16,2014-06-15,theater,musical,30,2014,5,Friday,1
2935,3500.0,US,USD,2016-07-02,2016-08-29,theater,musical,58,2016,7,Saturday,1
2936,1000.0,US,USD,2014-09-30,2014-10-13,theater,musical,13,2014,9,Tuesday,1
2937,1500.0,GB,GBP,2014-06-13,2014-07-13,theater,musical,30,2014,6,Friday,1
2938,4000.0,US,USD,2014-12-31,2015-01-30,theater,musical,30,2014,12,Wednesday,1
2939,8000.0,US,USD,2014-07-25,2014-08-28,theater,musical,34,2014,7,Friday,1
2940,2500.0,US,USD,2014-12-09,2015-01-18,theater,musical,40,2014,12,Tuesday,1
2941,25000.0,US,USD,2015-01-30,2015-03-01,theater,spaces,30,2015,1,Friday,0
2942,200000.0,CA,CAD,2015-11-26,2015-12-16,theater,spaces,20,2015,11,Thursday,0
2943,3000.0,US,USD,2015-03-14,2015-04-13,theater,spaces,30,2015,3,Saturday,0
2944,10000.0,US,USD,2015-05-08,2015-06-07,theater,spaces,30,2015,5,Friday,0
2945,50000.0,US,USD,2015-04-24,2015-05-24,theater,spaces,30,2015,4,Friday,0
2946,2000.0,GB,GBP,2016-07-16,2016-08-15,theater,spaces,30,2016,7,Saturday,0
2947,25000.0,US,USD,2016-10-06,2016-11-24,theater,spaces,49,2016,10,Thursday,0
2948,500000.0,US,USD,2015-04-03,2015-06-02,theater,spaces,60,2015,4,Friday,0
2949,1000.0,US,USD,2015-10-20,2015-11-19,theater,spaces,30,2015,10,Tuesday,0
2950,5000000.0,US,USD,2015-12-24,2016-01-23,theater,spaces,30,2015,12,Thursday,0
2961,5000.0,US,USD,2015-02-26,2015-03-26,theater,plays,28,2015,2,Thursday,1
2962,1000.0,US,USD,2015-02-01,2015-03-01,theater,plays,28,2015,2,Sunday,1
2963,10000.0,US,USD,2015-06-02,2015-07-02,theater,plays,30,2015,6,Tuesday,1
2964,5000.0,US,USD,2014-07-07,2014-08-06,theater,plays,30,2014,7,Monday,1
2965,1500.0,US,USD,2015-06-07,2015-07-07,theater,plays,30,2015,6,Sunday,1
2966,10000.0,US,USD,2015-08-17,2015-09-16,theater,plays,30,2015,8,Monday,1
2967,5000.0,US,USD,2015-02-07,2015-03-09,theater,plays,30,2015,2,Saturday,1
2968,3500.0,US,USD,2016-08-03,2016-08-17,theater,plays,14,2016,8,Wednesday,1
2969,1000.0,CA,CAD,2015-04-03,2015-05-03,theater,plays,30,2015,4,Friday,1
2970,6000.0,US,USD,2014-06-18,2014-07-18,theater,plays,30,2014,6,Wednesday,1
2971,3200.0,US,USD,2014-08-01,2014-08-31,theater,plays,30,2014,8,Friday,1
2972,2000.0,US,USD,2016-11-20,2016-12-05,theater,plays,15,2016,11,Sunday,1
2973,5000.0,US,USD,2015-12-03,2016-01-01,theater,plays,29,2015,12,Thursday,1
2974,5000.0,US,USD,2014-08-29,2014-09-26,theater,plays,28,2014,8,Friday,1
2975,8000.0,US,USD,2014-10-29,2014-11-27,theater,plays,29,2014,10,Wednesday,1
2976,70.0,GB,GBP,2016-02-25,2016-03-13,theater,plays,17,2016,2,Thursday,1
2977,3000.0,US,USD,2015-01-22,2015-03-23,theater,plays,60,2015,1,Thursday,1
2978,750.0,US,USD,2014-10-10,2014-10-20,theater,plays,10,2014,10,Friday,1
2979,5000.0,US,USD,2014-12-20,2015-01-06,theater,plays,17,2014,12,Saturday,1
2980,3000.0,US,USD,2015-08-03,2015-08-24,theater,plays,21,2015,8,Monday,1
2981,4000.0,IE,EUR,2015-08-09,2015-09-23,theater,spaces,45,2015,8,Sunday,1
2982,5000.0,GB,GBP,2016-01-12,2016-02-11,theater,spaces,30,2016,1,Tuesday,1
2983,116000.0,US,USD,2014-09-12,2014-11-11,theater,spaces,60,2014,9,Friday,1
2984,25000.0,US,USD,2016-07-25,2016-08-24,theater,spaces,30,2016,7,Monday,1
2985,10000.0,NZ,NZD,2016-10-11,2016-10-31,theater,spaces,20,2016,10,Tuesday,1
2986,2400.0,GB,GBP,2016-03-02,2016-05-01,theater,spaces,60,2016,3,Wednesday,1
2987,25000.0,US,USD,2016-09-14,2016-10-13,theater,spaces,29,2016,9,Wednesday,1
2988,1000.0,GB,GBP,2016-05-21,2016-06-20,theater,spaces,30,2016,5,Saturday,1
2989,20000.0,US,USD,2015-11-29,2015-12-21,theater,spaces,22,2015,11,Sunday,1
2990,10000.0,US,USD,2015-12-03,2016-01-07,theater,spaces,35,2015,12,Thursday,1
2991,8500.0,US,USD,2017-01-05,2017-01-27,theater,spaces,22,2017,1,Thursday,1
2992,3000.0,US,USD,2016-09-09,2016-10-09,theater,spaces,30,2016,9,Friday,1
2993,1000.0,US,USD,2016-01-21,2016-02-20,theater,spaces,30,2016,1,Thursday,1
2994,300.0,GB,GBP,2014-09-03,2014-10-03,theater,spaces,30,2014,9,Wednesday,1
2995,15000.0,US,USD,2016-12-20,2017-01-19,theater,spaces,30,2016,12,Tuesday,1
2996,35000.0,US,USD,2015-03-27,2015-05-26,theater,spaces,60,2015,3,Friday,1
2997,10000.0,US,USD,2017-02-09,2017-02-27,theater,spaces,18,2017,2,Thursday,1
2998,50000.0,US,USD,2014-05-19,2014-06-16,theater,spaces,28,2014,5,Monday,1
2999,1350.0,US,USD,2017-02-14,2017-03-01,theater,spaces,15,2017,2,Tuesday,1
3000,500.0,US,USD,2017-01-17,2017-01-31,theater,spaces,14,2017,1,Tuesday,1
3001,7214.0,US,USD,2016-06-13,2016-07-13,theater,spaces,30,2016,6,Monday,1
3002,7000.0,US,USD,2012-11-26,2012-12-26,theater,spaces,30,2012,11,Monday,1
3003,3000.0,US,USD,2016-01-29,2016-03-01,theater,spaces,32,2016,1,Friday,1
3004,40000.0,US,USD,2014-10-16,2014-11-15,theater,spaces,30,2014,10,Thursday,1
3005,10600.0,US,USD,2014-09-06,2014-10-06,theater,spaces,30,2014,9,Saturday,1
3006,8000.0,CA,CAD,2014-11-14,2014-12-14,theater,spaces,30,2014,11,Friday,1
3007,600.0,US,USD,2015-04-04,2015-04-25,theater,spaces,21,2015,4,Saturday,1
3008,3000.0,US,USD,2015-12-22,2016-01-21,theater,spaces,30,2015,12,Tuesday,1
3009,25000.0,US,USD,2014-10-27,2014-11-26,theater,spaces,30,2014,10,Monday,1
3010,1500.0,US,USD,2014-12-23,2015-02-21,theater,spaces,60,2014,12,Tuesday,1
3011,300.0,ES,EUR,2015-11-26,2015-12-23,theater,spaces,27,2015,11,Thursday,1
3012,4000.0,US,USD,2015-01-20,2015-02-10,theater,spaces,21,2015,1,Tuesday,1
3013,10000.0,US,USD,2015-05-22,2015-06-21,theater,spaces,30,2015,5,Friday,1
3014,25000.0,US,USD,2014-10-08,2014-11-05,theater,spaces,28,2014,10,Wednesday,1
3015,3400.0,US,USD,2014-05-26,2014-06-11,theater,spaces,16,2014,5,Monday,1
3016,8500.0,US,USD,2014-05-19,2014-07-18,theater,spaces,60,2014,5,Monday,1
3017,22000.0,US,USD,2014-07-21,2014-08-20,theater,spaces,30,2014,7,Monday,1
3018,4200.0,FR,EUR,2015-06-08,2015-07-20,theater,spaces,42,2015,6,Monday,1
3019,15000.0,US,USD,2014-04-29,2014-05-27,theater,spaces,28,2014,4,Tuesday,1
3020,7000.0,US,USD,2015-06-15,2015-08-14,theater,spaces,60,2015,6,Monday,1
3021,4500.0,US,USD,2016-10-17,2016-11-22,theater,spaces,36,2016,10,Monday,1
3022,10000.0,US,USD,2016-07-13,2016-08-27,theater,spaces,45,2016,7,Wednesday,1
3023,700.0,GB,GBP,2015-04-27,2015-06-11,theater,spaces,45,2015,4,Monday,1
3024,5000.0,US,USD,2012-09-06,2012-10-06,theater,spaces,30,2012,9,Thursday,1
3025,2500.0,GB,GBP,2014-05-02,2014-05-30,theater,spaces,28,2014,5,Friday,1
3026,900.0,GB,GBP,2017-02-17,2017-03-03,theater,spaces,14,2017,2,Friday,1
3027,40000.0,US,USD,2015-02-18,2015-03-20,theater,spaces,30,2015,2,Wednesday,1
3028,5000.0,US,USD,2016-07-16,2016-08-15,theater,spaces,30,2016,7,Saturday,1
3029,30000.0,US,USD,2014-10-20,2014-11-18,theater,spaces,29,2014,10,Monday,1
3030,1750.0,US,USD,2015-08-17,2015-09-16,theater,spaces,30,2015,8,Monday,1
3031,1500.0,US,USD,2016-08-15,2016-10-14,theater,spaces,60,2016,8,Monday,1
3032,1000.0,US,USD,2015-08-12,2015-09-11,theater,spaces,30,2015,8,Wednesday,1
3033,3000.0,US,USD,2016-07-19,2016-08-18,theater,spaces,30,2016,7,Tuesday,1
3034,100000.0,US,USD,2016-10-01,2016-11-01,theater,spaces,31,2016,10,Saturday,1
3035,25000.0,US,USD,2013-04-04,2013-05-04,theater,spaces,30,2013,4,Thursday,1
3036,25000.0,US,USD,2013-07-11,2013-08-16,theater,spaces,36,2013,7,Thursday,1
3037,500.0,US,USD,2010-07-19,2010-10-02,theater,spaces,75,2010,7,Monday,1
3038,1000.0,US,USD,2016-01-04,2016-03-04,theater,spaces,60,2016,1,Monday,1
3039,20000.0,US,USD,2013-12-02,2013-12-29,theater,spaces,27,2013,12,Monday,1
3040,3000.0,US,USD,2015-06-22,2015-06-26,theater,spaces,4,2015,6,Monday,1
3041,8300.0,US,USD,2015-12-21,2016-01-20,theater,spaces,30,2015,12,Monday,1
3042,1500.0,GB,GBP,2015-09-06,2015-10-06,theater,spaces,30,2015,9,Sunday,1
3043,15000.0,CA,CAD,2015-03-20,2015-04-16,theater,spaces,27,2015,3,Friday,1
3044,12000.0,US,USD,2016-01-18,2016-02-02,theater,spaces,15,2016,1,Monday,1
3045,4000.0,US,USD,2014-07-23,2014-08-22,theater,spaces,30,2014,7,Wednesday,1
3046,7900.0,US,USD,2014-08-11,2014-09-10,theater,spaces,30,2014,8,Monday,1
3047,500.0,US,USD,2016-03-14,2016-04-27,theater,spaces,44,2016,3,Monday,1
3048,5000.0,US,USD,2014-12-02,2014-12-31,theater,spaces,29,2014,12,Tuesday,1
3049,3750.0,US,USD,2015-05-15,2015-06-14,theater,spaces,30,2015,5,Friday,1
3050,600.0,US,USD,2016-04-05,2016-05-05,theater,spaces,30,2016,4,Tuesday,1
3051,3500.0,GB,GBP,2017-01-09,2017-02-08,theater,spaces,30,2017,1,Monday,0
3052,50000.0,US,USD,2015-04-28,2015-05-28,theater,spaces,30,2015,4,Tuesday,0
3053,10000.0,US,USD,2014-08-11,2014-10-02,theater,spaces,52,2014,8,Monday,0
3054,300.0,US,USD,2015-01-23,2015-03-02,theater,spaces,38,2015,1,Friday,0
3055,20000.0,US,USD,2014-11-10,2015-01-09,theater,spaces,60,2014,11,Monday,0
3056,25000.0,US,USD,2014-07-31,2014-09-29,theater,spaces,60,2014,7,Thursday,0
3057,50000.0,GB,GBP,2016-03-04,2016-04-03,theater,spaces,30,2016,3,Friday,0
3058,18000.0,IT,EUR,2016-03-31,2016-05-20,theater,spaces,50,2016,3,Thursday,0
3059,15000.0,US,USD,2014-07-09,2014-08-08,theater,spaces,30,2014,7,Wednesday,0
3060,220000.0,US,USD,2015-08-29,2015-09-28,theater,spaces,30,2015,8,Saturday,0
3061,1000000.0,US,USD,2014-07-14,2014-08-13,theater,spaces,30,2014,7,Monday,0
3062,10000.0,US,USD,2015-09-01,2015-09-30,theater,spaces,29,2015,9,Tuesday,0
3063,3000.0,US,USD,2016-09-17,2016-10-22,theater,spaces,35,2016,9,Saturday,0
3064,75000.0,US,USD,2015-10-22,2015-11-22,theater,spaces,31,2015,10,Thursday,0
3065,25000.0,US,USD,2014-07-05,2014-07-30,theater,spaces,25,2014,7,Saturday,0
3066,350000.0,AU,AUD,2016-06-10,2016-07-10,theater,spaces,30,2016,6,Friday,0
3067,8000.0,NZ,NZD,2015-08-10,2015-09-09,theater,spaces,30,2015,8,Monday,0
3068,250000.0,US,USD,2015-09-16,2015-10-16,theater,spaces,30,2015,9,Wednesday,0
3069,1000.0,US,USD,2014-11-14,2014-12-14,theater,spaces,30,2014,11,Friday,0
3070,10000.0,GB,GBP,2016-11-16,2016-12-07,theater,spaces,21,2016,11,Wednesday,0
3071,12000.0,US,USD,2015-04-03,2015-04-21,theater,spaces,18,2015,4,Friday,0
3072,12000.0,US,USD,2016-10-15,2016-10-30,theater,spaces,15,2016,10,Saturday,0
3073,2800000.0,US,USD,2015-04-17,2015-06-14,theater,spaces,58,2015,4,Friday,0
3074,25000.0,FR,EUR,2016-02-09,2016-03-10,theater,spaces,30,2016,2,Tuesday,0
3075,15000.0,US,USD,2016-06-30,2016-08-19,theater,spaces,50,2016,6,Thursday,0
3076,10000.0,US,USD,2015-08-10,2015-10-09,theater,spaces,60,2015,8,Monday,0
3077,22000.0,CA,CAD,2017-01-31,2017-03-02,theater,spaces,30,2017,1,Tuesday,0
3078,60000.0,US,USD,2015-01-27,2015-02-26,theater,spaces,30,2015,1,Tuesday,0
3079,1333666.0,US,USD,2015-02-20,2015-03-22,theater,spaces,30,2015,2,Friday,0
3080,2000000.0,US,USD,2014-10-28,2014-12-27,theater,spaces,60,2014,10,Tuesday,0
3081,1000000.0,US,USD,2015-08-21,2015-09-20,theater,spaces,30,2015,8,Friday,0
3082,9000.0,US,USD,2015-10-16,2015-11-15,theater,spaces,30,2015,10,Friday,0
3083,20000.0,US,USD,2014-08-02,2014-09-01,theater,spaces,30,2014,8,Saturday,0
3084,4059.0,US,USD,2015-04-06,2015-05-05,theater,spaces,29,2015,4,Monday,0
3085,25000.0,US,USD,2015-08-30,2015-09-29,theater,spaces,30,2015,8,Sunday,0
3086,20000.0,IT,EUR,2015-06-18,2015-08-17,theater,spaces,60,2015,6,Thursday,0
3087,20000.0,US,USD,2016-10-22,2016-12-21,theater,spaces,60,2016,10,Saturday,0
3088,65000.0,US,USD,2014-12-08,2015-01-08,theater,spaces,31,2014,12,Monday,0
3089,25000.0,US,USD,2016-06-07,2016-07-09,theater,spaces,32,2016,6,Tuesday,0
3090,225000.0,US,USD,2015-03-02,2015-05-01,theater,spaces,60,2015,3,Monday,0
3091,5000.0,US,USD,2016-07-15,2016-08-14,theater,spaces,30,2016,7,Friday,0
3092,100000.0,US,USD,2015-09-08,2015-10-15,theater,spaces,37,2015,9,Tuesday,0
3093,4000.0,CA,CAD,2014-05-01,2014-06-01,theater,spaces,31,2014,5,Thursday,0
3094,100000.0,US,USD,2015-07-22,2015-09-20,theater,spaces,60,2015,7,Wednesday,0
3095,14920.0,US,USD,2016-06-02,2016-08-01,theater,spaces,60,2016,6,Thursday,0
3096,20000.0,US,USD,2015-04-20,2015-05-20,theater,spaces,30,2015,4,Monday,0
3097,10000.0,GB,GBP,2016-09-16,2016-10-07,theater,spaces,21,2016,9,Friday,0
3098,48725.0,US,USD,2015-12-21,2016-02-08,theater,spaces,49,2015,12,Monday,0
3099,2000.0,US,USD,2016-01-13,2016-02-12,theater,spaces,30,2016,1,Wednesday,0
3100,12000.0,US,USD,2014-09-20,2014-10-20,theater,spaces,30,2014,9,Saturday,0
3101,2500.0,FR,EUR,2015-06-16,2015-07-16,theater,spaces,30,2015,6,Tuesday,0
3102,16000.0,GB,GBP,2016-07-04,2016-08-23,theater,spaces,50,2016,7,Monday,0
3103,4100.0,US,USD,2015-04-13,2015-06-12,theater,spaces,60,2015,4,Monday,0
3104,4000.0,AU,AUD,2015-01-02,2015-02-03,theater,spaces,32,2015,1,Friday,0
3105,5845.0,US,USD,2014-08-25,2014-10-19,theater,spaces,55,2014,8,Monday,0
3106,1000.0,GB,GBP,2015-08-25,2015-09-16,theater,spaces,22,2015,8,Tuesday,0
3107,40000.0,US,USD,2015-05-04,2015-05-11,theater,spaces,7,2015,5,Monday,0
3108,50000.0,US,USD,2015-02-27,2015-04-28,theater,spaces,60,2015,2,Friday,0
3109,26500.0,US,USD,2014-07-24,2014-08-28,theater,spaces,35,2014,7,Thursday,0
3110,25000.0,US,USD,2017-01-10,2017-02-19,theater,spaces,40,2017,1,Tuesday,0
3111,20000.0,US,USD,2014-09-03,2014-10-04,theater,spaces,31,2014,9,Wednesday,0
3112,11000.0,US,USD,2016-09-02,2016-11-01,theater,spaces,60,2016,9,Friday,0
3113,109225.0,US,USD,2015-03-18,2015-04-17,theater,spaces,30,2015,3,Wednesday,0
3114,75000.0,US,USD,2014-07-23,2014-09-21,theater,spaces,60,2014,7,Wednesday,0
3115,10000.0,SE,SEK,2016-05-06,2016-06-05,theater,spaces,30,2016,5,Friday,0
3116,750.0,US,USD,2015-03-18,2015-04-01,theater,spaces,14,2015,3,Wednesday,0
3117,1000.0,GB,GBP,2016-05-19,2016-05-27,theater,spaces,8,2016,5,Thursday,0
3118,500000.0,SE,SEK,2016-06-13,2016-07-02,theater,spaces,19,2016,6,Monday,0
3119,10000.0,US,USD,2015-02-25,2015-03-27,theater,spaces,30,2015,2,Wednesday,0
3120,1300000.0,NL,EUR,2016-03-06,2016-05-05,theater,spaces,60,2016,3,Sunday,0
3147,20000.0,US,USD,2014-09-27,2014-11-07,theater,plays,41,2014,9,Saturday,1
3148,1800.0,US,USD,2014-09-09,2014-10-01,theater,plays,22,2014,9,Tuesday,1
3149,1250.0,US,USD,2012-11-13,2012-12-07,theater,plays,24,2012,11,Tuesday,1
3150,3500.0,US,USD,2010-10-27,2011-01-25,theater,plays,90,2010,10,Wednesday,1
3151,3500.0,US,USD,2014-08-11,2014-09-10,theater,plays,30,2014,8,Monday,1
3152,2200.0,GB,GBP,2013-10-03,2013-11-02,theater,plays,30,2013,10,Thursday,1
3153,3000.0,US,USD,2011-03-31,2011-05-01,theater,plays,31,2011,3,Thursday,1
3154,7000.0,US,USD,2012-03-02,2012-04-01,theater,plays,30,2012,3,Friday,1
3155,5000.0,GB,GBP,2012-11-20,2012-12-20,theater,plays,30,2012,11,Tuesday,1
3156,5500.0,US,USD,2012-04-27,2012-06-01,theater,plays,35,2012,4,Friday,1
3157,4000.0,US,USD,2014-07-09,2014-07-19,theater,plays,10,2014,7,Wednesday,1
3158,5000.0,US,USD,2013-06-22,2013-07-22,theater,plays,30,2013,6,Saturday,1
3159,1500.0,US,USD,2011-12-07,2012-01-18,theater,plays,42,2011,12,Wednesday,1
3160,4500.0,US,USD,2014-07-21,2014-08-13,theater,plays,23,2014,7,Monday,1
3161,2000.0,GB,GBP,2014-09-15,2014-10-15,theater,plays,30,2014,9,Monday,1
3162,4000.0,US,USD,2014-06-09,2014-07-07,theater,plays,28,2014,6,Monday,1
3163,13000.0,US,USD,2014-05-16,2014-06-15,theater,plays,30,2014,5,Friday,1
3164,2500.0,US,USD,2014-05-07,2014-06-09,theater,plays,33,2014,5,Wednesday,1
3165,750.0,US,USD,2011-04-11,2011-05-03,theater,plays,22,2011,4,Monday,1
3166,35000.0,US,USD,2014-10-28,2014-11-26,theater,plays,29,2014,10,Tuesday,1
3167,3000.0,US,USD,2014-07-19,2014-08-02,theater,plays,14,2014,7,Saturday,1
3168,2500.0,US,USD,2014-05-13,2014-06-13,theater,plays,31,2014,5,Tuesday,1
3169,8000.0,US,USD,2013-11-13,2013-12-13,theater,plays,30,2013,11,Wednesday,1
3170,2000.0,US,USD,2014-05-30,2014-07-02,theater,plays,33,2014,5,Friday,1
3171,7000.0,GB,GBP,2016-04-06,2016-05-06,theater,plays,30,2016,4,Wednesday,1
3172,2000.0,US,USD,2012-01-15,2012-02-14,theater,plays,30,2012,1,Sunday,1
3173,10000.0,US,USD,2014-08-27,2014-09-26,theater,plays,30,2014,8,Wednesday,1
3174,3000.0,US,USD,2014-08-11,2014-08-25,theater,plays,14,2014,8,Monday,1
3175,5000.0,US,USD,2010-12-19,2011-02-17,theater,plays,60,2010,12,Sunday,1
3176,1900.0,US,USD,2013-07-22,2013-08-18,theater,plays,27,2013,7,Monday,1
3177,2500.0,US,USD,2014-05-22,2014-06-21,theater,plays,30,2014,5,Thursday,1
3178,1500.0,GB,GBP,2014-06-16,2014-07-16,theater,plays,30,2014,6,Monday,1
3179,4200.0,US,USD,2013-04-11,2013-05-06,theater,plays,25,2013,4,Thursday,1
3180,1200.0,GB,GBP,2014-05-21,2014-06-20,theater,plays,30,2014,5,Wednesday,1
3181,500.0,GB,GBP,2014-05-20,2014-06-15,theater,plays,26,2014,5,Tuesday,1
3182,7000.0,US,USD,2011-12-06,2012-01-31,theater,plays,56,2011,12,Tuesday,1
3183,2500.0,US,USD,2013-08-05,2013-08-23,theater,plays,18,2013,8,Monday,1
3184,4300.0,US,USD,2014-06-01,2014-07-01,theater,plays,30,2014,6,Sunday,1
3185,1000.0,GB,GBP,2014-07-09,2014-07-16,theater,plays,7,2014,7,Wednesday,1
3186,3200.0,GB,GBP,2014-08-17,2014-09-16,theater,plays,30,2014,8,Sunday,1
3187,15000.0,US,USD,2014-07-15,2014-08-04,theater,plays,20,2014,7,Tuesday,1
3188,200.0,GB,GBP,2015-05-20,2015-06-10,theater,musical,21,2015,5,Wednesday,0
3189,55000.0,SE,SEK,2015-04-24,2015-05-24,theater,musical,30,2015,4,Friday,0
3190,4000.0,CA,CAD,2016-11-09,2016-12-09,theater,musical,30,2016,11,Wednesday,0
3191,3750.0,US,USD,2016-06-17,2016-08-16,theater,musical,60,2016,6,Friday,0
3192,10000.0,GB,GBP,2015-01-14,2015-02-28,theater,musical,45,2015,1,Wednesday,0
3193,5000.0,GB,GBP,2015-01-06,2015-02-20,theater,musical,45,2015,1,Tuesday,0
3194,11000.0,US,USD,2015-06-27,2015-07-27,theater,musical,30,2015,6,Saturday,0
3195,3500.0,US,USD,2015-01-13,2015-02-12,theater,musical,30,2015,1,Tuesday,0
3196,3000000.0,US,USD,2015-06-02,2015-08-01,theater,musical,60,2015,6,Tuesday,0
3197,10000.0,NO,NOK,2015-01-05,2015-02-04,theater,musical,30,2015,1,Monday,0
3198,30000.0,DK,DKK,2015-01-09,2015-02-16,theater,musical,38,2015,1,Friday,0
3199,5000.0,US,USD,2014-08-07,2014-09-06,theater,musical,30,2014,8,Thursday,0
3200,50000.0,US,USD,2016-03-31,2016-04-30,theater,musical,30,2016,3,Thursday,0
3201,2000.0,GB,GBP,2014-08-10,2014-08-31,theater,musical,21,2014,8,Sunday,0
3202,5000.0,US,USD,2015-10-16,2015-12-14,theater,musical,59,2015,10,Friday,0
3203,1000.0,US,USD,2015-08-26,2015-09-25,theater,musical,30,2015,8,Wednesday,0
3204,500.0,US,USD,2015-06-17,2015-07-17,theater,musical,30,2015,6,Wednesday,0
3205,8000.0,GB,GBP,2015-04-01,2015-05-01,theater,musical,30,2015,4,Wednesday,0
3206,5000.0,US,USD,2015-08-20,2015-09-19,theater,musical,30,2015,8,Thursday,0
3207,5500.0,US,USD,2015-02-22,2015-04-23,theater,musical,60,2015,2,Sunday,0
3208,5000.0,US,USD,2014-07-07,2014-07-28,theater,plays,21,2014,7,Monday,1
3209,9500.0,US,USD,2014-05-19,2014-06-20,theater,plays,32,2014,5,Monday,1
3210,3000.0,US,USD,2012-04-14,2012-06-01,theater,plays,48,2012,4,Saturday,1
3211,23000.0,US,USD,2014-07-14,2014-08-15,theater,plays,32,2014,7,Monday,1
3212,4000.0,US,USD,2014-07-09,2014-08-08,theater,plays,30,2014,7,Wednesday,1
3213,6000.0,GB,GBP,2015-06-16,2015-07-26,theater,plays,40,2015,6,Tuesday,1
3214,12000.0,GB,GBP,2015-11-29,2016-01-05,theater,plays,37,2015,11,Sunday,1
3215,35000.0,US,USD,2015-08-03,2015-09-10,theater,plays,38,2015,8,Monday,1
3216,2000.0,GB,GBP,2015-06-10,2015-07-11,theater,plays,31,2015,6,Wednesday,1
3217,4500.0,US,USD,2016-10-05,2016-11-04,theater,plays,30,2016,10,Wednesday,1
3218,12000.0,GB,GBP,2014-11-28,2014-12-31,theater,plays,33,2014,11,Friday,1
3219,20000.0,US,USD,2015-02-15,2015-03-22,theater,plays,35,2015,2,Sunday,1
3220,15000.0,US,USD,2017-02-06,2017-03-12,theater,plays,34,2017,2,Monday,1
3221,4000.0,GB,GBP,2015-05-31,2015-07-05,theater,plays,35,2015,5,Sunday,1
3222,2500.0,US,USD,2015-09-23,2015-10-24,theater,plays,31,2015,9,Wednesday,1
3223,3100.0,US,USD,2015-07-21,2015-08-20,theater,plays,30,2015,7,Tuesday,1
3224,30000.0,US,USD,2016-11-23,2017-01-10,theater,plays,48,2016,11,Wednesday,1
3225,2000.0,US,USD,2016-05-13,2016-06-03,theater,plays,21,2016,5,Friday,1
3226,1200.0,GB,GBP,2015-09-30,2015-10-30,theater,plays,30,2015,9,Wednesday,1
3227,1200.0,GB,GBP,2016-12-18,2017-01-17,theater,plays,30,2016,12,Sunday,1
3228,7000.0,US,USD,2015-11-15,2015-12-17,theater,plays,32,2015,11,Sunday,1
3229,20000.0,US,USD,2014-10-21,2014-11-20,theater,plays,30,2014,10,Tuesday,1
3230,2600.0,US,USD,2014-09-16,2014-10-01,theater,plays,15,2014,9,Tuesday,1
3231,1000.0,US,USD,2016-03-17,2016-04-16,theater,plays,30,2016,3,Thursday,1
3232,1000.0,US,USD,2016-04-03,2016-05-04,theater,plays,31,2016,4,Sunday,1
3233,5000.0,US,USD,2017-01-31,2017-03-02,theater,plays,30,2017,1,Tuesday,1
3234,4000.0,GB,GBP,2016-12-30,2017-02-01,theater,plays,33,2016,12,Friday,1
3235,15000.0,US,USD,2016-06-01,2016-07-01,theater,plays,30,2016,6,Wednesday,1
3236,20000.0,US,USD,2016-11-28,2016-12-28,theater,plays,30,2016,11,Monday,1
3237,35000.0,US,USD,2015-09-05,2015-09-29,theater,plays,24,2015,9,Saturday,1
3238,2800.0,GB,GBP,2015-06-01,2015-07-01,theater,plays,30,2015,6,Monday,1
3239,5862.0,GB,GBP,2015-10-01,2015-10-25,theater,plays,24,2015,10,Thursday,1
3240,3000.0,GB,GBP,2017-01-19,2017-02-16,theater,plays,28,2017,1,Thursday,1
3241,8500.0,US,USD,2014-09-11,2014-10-14,theater,plays,33,2014,9,Thursday,1
3242,10000.0,US,USD,2014-08-20,2014-09-19,theater,plays,30,2014,8,Wednesday,1
3243,8000.0,US,USD,2015-09-15,2015-10-09,theater,plays,24,2015,9,Tuesday,1
3244,1600.0,GB,GBP,2016-11-01,2016-12-01,theater,plays,30,2016,11,Tuesday,1
3245,21000.0,US,USD,2015-05-11,2015-06-12,theater,plays,32,2015,5,Monday,1
3246,10000.0,US,USD,2015-08-14,2015-09-12,theater,plays,29,2015,8,Friday,1
3247,2500.0,GB,GBP,2015-06-12,2015-07-12,theater,plays,30,2015,6,Friday,1
3248,12000.0,US,USD,2015-03-05,2015-04-04,theater,plays,30,2015,3,Thursday,1
3249,5500.0,US,USD,2015-05-21,2015-06-20,theater,plays,30,2015,5,Thursday,1
3250,25000.0,US,USD,2014-10-06,2014-11-05,theater,plays,30,2014,10,Monday,1
3251,1500.0,US,USD,2015-05-22,2015-06-21,theater,plays,30,2015,5,Friday,1
3252,2250.0,GB,GBP,2016-08-08,2016-09-07,theater,plays,30,2016,8,Monday,1
3253,20000.0,US,USD,2016-08-20,2016-09-08,theater,plays,19,2016,8,Saturday,1
3254,13000.0,GB,GBP,2015-02-24,2015-03-26,theater,plays,30,2015,2,Tuesday,1
3255,300.0,GB,GBP,2014-09-07,2014-10-07,theater,plays,30,2014,9,Sunday,1
3256,10000.0,US,USD,2015-05-20,2015-06-11,theater,plays,22,2015,5,Wednesday,1
3257,2000.0,GB,GBP,2017-01-23,2017-02-22,theater,plays,30,2017,1,Monday,1
3258,7000.0,US,USD,2014-12-09,2015-01-08,theater,plays,30,2014,12,Tuesday,1
3259,23000.0,US,USD,2016-09-01,2016-10-01,theater,plays,30,2016,9,Thursday,1
3260,5000.0,US,USD,2015-10-26,2015-11-30,theater,plays,35,2015,10,Monday,1
3261,3300.0,US,USD,2015-06-16,2015-07-16,theater,plays,30,2015,6,Tuesday,1
3262,12200.0,US,USD,2014-11-21,2014-12-22,theater,plays,31,2014,11,Friday,1
3263,2500.0,US,USD,2015-10-07,2015-10-30,theater,plays,23,2015,10,Wednesday,1
3264,2500.0,US,USD,2015-01-12,2015-01-28,theater,plays,16,2015,1,Monday,1
3265,2700.0,IE,EUR,2015-11-03,2015-12-03,theater,plays,30,2015,11,Tuesday,1
3266,6000.0,US,USD,2015-05-12,2015-06-12,theater,plays,31,2015,5,Tuesday,1
3267,15000.0,US,USD,2015-06-17,2015-07-17,theater,plays,30,2015,6,Wednesday,1
3268,2000.0,US,USD,2016-08-08,2016-08-24,theater,plays,16,2016,8,Monday,1
3269,8000.0,GB,GBP,2015-05-13,2015-06-16,theater,plays,34,2015,5,Wednesday,1
3270,1800.0,GB,GBP,2015-06-12,2015-07-12,theater,plays,30,2015,6,Friday,1
3271,1500.0,GB,GBP,2014-10-03,2014-11-02,theater,plays,30,2014,10,Friday,1
3272,10000.0,US,USD,2015-10-07,2015-11-06,theater,plays,30,2015,10,Wednesday,1
3273,4000.0,US,USD,2016-08-29,2016-09-14,theater,plays,16,2016,8,Monday,1
3274,15500.0,US,USD,2016-01-31,2016-03-15,theater,plays,44,2016,1,Sunday,1
3275,1800.0,US,USD,2015-01-13,2015-02-09,theater,plays,27,2015,1,Tuesday,1
3276,4500.0,CA,CAD,2016-02-26,2016-04-01,theater,plays,35,2016,2,Friday,1
3277,5000.0,GB,GBP,2014-10-19,2014-11-18,theater,plays,30,2014,10,Sunday,1
3278,2500.0,GB,GBP,2015-04-30,2015-05-30,theater,plays,30,2015,4,Thursday,1
3279,5800.0,US,USD,2016-03-02,2016-04-01,theater,plays,30,2016,3,Wednesday,1
3280,2000.0,US,USD,2015-04-27,2015-06-01,theater,plays,35,2015,4,Monday,1
3281,5000.0,US,USD,2015-08-03,2015-09-02,theater,plays,30,2015,8,Monday,1
3282,31000.0,US,USD,2016-03-16,2016-04-29,theater,plays,44,2016,3,Wednesday,1
3283,800.0,GB,GBP,2016-01-10,2016-02-10,theater,plays,31,2016,1,Sunday,1
3284,3000.0,US,USD,2016-01-11,2016-01-29,theater,plays,18,2016,1,Monday,1
3285,4999.0,US,USD,2017-01-27,2017-02-28,theater,plays,32,2017,1,Friday,1
3286,15000.0,US,USD,2016-07-16,2016-08-15,theater,plays,30,2016,7,Saturday,1
3287,2500.0,CA,CAD,2015-11-03,2015-11-28,theater,plays,25,2015,11,Tuesday,1
3288,10000.0,GB,GBP,2016-05-15,2016-06-20,theater,plays,36,2016,5,Sunday,1
3289,500.0,GB,GBP,2017-01-23,2017-02-20,theater,plays,28,2017,1,Monday,1
3290,2000.0,GB,GBP,2017-02-09,2017-03-11,theater,plays,30,2017,2,Thursday,1
3291,500.0,US,USD,2015-08-16,2015-09-17,theater,plays,32,2015,8,Sunday,1
3292,101.0,GB,GBP,2015-10-05,2015-12-04,theater,plays,60,2015,10,Monday,1
3293,4500.0,NZ,NZD,2017-02-02,2017-03-04,theater,plays,30,2017,2,Thursday,1
3294,600.0,GB,GBP,2015-05-17,2015-06-16,theater,plays,30,2015,5,Sunday,1
3295,700.0,GB,GBP,2016-08-27,2016-09-26,theater,plays,30,2016,8,Saturday,1
3296,1500.0,GB,GBP,2015-11-01,2015-11-22,theater,plays,21,2015,11,Sunday,1
3297,5500.0,GB,GBP,2015-07-08,2015-07-27,theater,plays,19,2015,7,Wednesday,1
3298,10000.0,US,USD,2015-08-23,2015-09-13,theater,plays,21,2015,8,Sunday,1
3299,3000.0,US,USD,2015-09-14,2015-10-14,theater,plays,30,2015,9,Monday,1
3300,3000.0,US,USD,2015-04-08,2015-04-29,theater,plays,21,2015,4,Wednesday,1
3301,3000.0,US,USD,2016-06-17,2016-08-01,theater,plays,45,2016,6,Friday,1
3302,8400.0,ES,EUR,2016-11-07,2016-12-07,theater,plays,30,2016,11,Monday,1
3303,1800.0,US,USD,2015-02-21,2015-03-28,theater,plays,35,2015,2,Saturday,1
3304,15000.0,US,USD,2016-11-22,2016-12-22,theater,plays,30,2016,11,Tuesday,1
3305,4000.0,US,USD,2015-07-01,2015-07-31,theater,plays,30,2015,7,Wednesday,1
3306,1500.0,US,USD,2016-05-03,2016-06-10,theater,plays,38,2016,5,Tuesday,1
3307,1000.0,US,USD,2016-04-15,2016-05-15,theater,plays,30,2016,4,Friday,1
3308,3500.0,US,USD,2016-03-23,2016-04-13,theater,plays,21,2016,3,Wednesday,1
3309,350.0,GB,GBP,2016-09-15,2016-10-16,theater,plays,31,2016,9,Thursday,1
3310,6500.0,US,USD,2015-09-06,2015-10-06,theater,plays,30,2015,9,Sunday,1
3311,2500.0,US,USD,2015-09-17,2015-10-17,theater,plays,30,2015,9,Thursday,1
3312,2500.0,US,USD,2016-10-21,2016-11-11,theater,plays,21,2016,10,Friday,1
3313,2000.0,US,USD,2016-01-13,2016-01-27,theater,plays,14,2016,1,Wednesday,1
3314,800.0,GB,GBP,2015-04-11,2015-05-08,theater,plays,27,2015,4,Saturday,1
3315,4000.0,GB,GBP,2016-04-06,2016-05-06,theater,plays,30,2016,4,Wednesday,1
3316,11737.0,US,USD,2014-07-06,2014-08-08,theater,plays,33,2014,7,Sunday,1
3317,1050.0,US,USD,2016-05-09,2016-06-08,theater,plays,30,2016,5,Monday,1
3318,2000.0,CA,CAD,2016-03-02,2016-04-11,theater,plays,40,2016,3,Wednesday,1
3319,500.0,GB,GBP,2014-12-17,2015-01-31,theater,plays,45,2014,12,Wednesday,1
3320,2500.0,US,USD,2016-05-23,2016-06-22,theater,plays,30,2016,5,Monday,1
3321,500.0,US,USD,2014-10-02,2014-10-16,theater,plays,14,2014,10,Thursday,1
3322,3300.0,US,USD,2016-05-31,2016-06-22,theater,plays,22,2016,5,Tuesday,1
3323,1000.0,GB,GBP,2016-08-26,2016-09-25,theater,plays,30,2016,8,Friday,1
3324,1500.0,IE,EUR,2016-05-22,2016-06-05,theater,plays,14,2016,5,Sunday,1
3325,400.0,GB,GBP,2015-03-01,2015-04-05,theater,plays,35,2015,3,Sunday,1
3326,8000.0,US,USD,2015-02-06,2015-03-08,theater,plays,30,2015,2,Friday,1
3327,800.0,GB,GBP,2016-04-08,2016-05-08,theater,plays,30,2016,4,Friday,1
3328,1800.0,US,USD,2014-07-02,2014-07-05,theater,plays,3,2014,7,Wednesday,1
3329,1000.0,GB,GBP,2014-07-17,2014-07-27,theater,plays,10,2014,7,Thursday,1
3330,1500.0,GB,GBP,2015-03-02,2015-04-01,theater,plays,30,2015,3,Monday,1
3331,5000.0,US,USD,2015-09-01,2015-10-06,theater,plays,35,2015,9,Tuesday,1
3332,6000.0,US,USD,2014-06-19,2014-07-19,theater,plays,30,2014,6,Thursday,1
3333,3500.0,US,USD,2015-05-24,2015-06-15,theater,plays,22,2015,5,Sunday,1
3334,3871.0,US,USD,2015-06-30,2015-07-30,theater,plays,30,2015,6,Tuesday,1
3335,5000.0,GB,GBP,2014-07-07,2014-08-03,theater,plays,27,2014,7,Monday,1
3336,250.0,GB,GBP,2016-03-08,2016-04-05,theater,plays,28,2016,3,Tuesday,1
3337,2500.0,GB,GBP,2014-09-19,2014-10-10,theater,plays,21,2014,9,Friday,1
3338,15000.0,US,USD,2017-02-03,2017-02-24,theater,plays,21,2017,2,Friday,1
3339,8000.0,US,USD,2016-06-28,2016-07-28,theater,plays,30,2016,6,Tuesday,1
3340,3000.0,US,USD,2016-11-11,2016-12-06,theater,plays,25,2016,11,Friday,1
3341,3350.0,GB,GBP,2016-05-20,2016-06-12,theater,plays,23,2016,5,Friday,1
3342,6000.0,US,USD,2015-02-27,2015-04-01,theater,plays,33,2015,2,Friday,1
3343,700.0,GB,GBP,2016-03-23,2016-04-13,theater,plays,21,2016,3,Wednesday,1
3344,4500.0,US,USD,2014-07-31,2014-08-30,theater,plays,30,2014,7,Thursday,1
3345,500.0,US,USD,2015-02-18,2015-04-18,theater,plays,59,2015,2,Wednesday,1
3346,1500.0,US,USD,2015-02-19,2015-02-26,theater,plays,7,2015,2,Thursday,1
3347,2000.0,GB,GBP,2016-04-24,2016-05-08,theater,plays,14,2016,4,Sunday,1
3348,5500.0,US,USD,2016-04-06,2016-04-30,theater,plays,24,2016,4,Wednesday,1
3349,1000.0,US,USD,2016-05-23,2016-06-13,theater,plays,21,2016,5,Monday,1
3350,3500.0,LU,EUR,2015-10-25,2015-11-29,theater,plays,35,2015,10,Sunday,1
3351,5000.0,GB,GBP,2014-06-16,2014-07-23,theater,plays,37,2014,6,Monday,1
3352,5000.0,GB,GBP,2016-05-05,2016-07-01,theater,plays,57,2016,5,Thursday,1
3353,500.0,GB,GBP,2016-04-19,2016-05-02,theater,plays,13,2016,4,Tuesday,1
3354,3000.0,US,USD,2015-09-23,2015-10-29,theater,plays,36,2015,9,Wednesday,1
3355,1750.0,GB,GBP,2016-04-29,2016-05-10,theater,plays,11,2016,4,Friday,1
3356,1500.0,GB,GBP,2016-06-15,2016-07-15,theater,plays,30,2016,6,Wednesday,1
3357,2000.0,GB,GBP,2014-07-02,2014-08-01,theater,plays,30,2014,7,Wednesday,1
3358,10000.0,US,USD,2014-10-20,2014-11-19,theater,plays,30,2014,10,Monday,1
3359,4000.0,US,USD,2017-01-11,2017-02-25,theater,plays,45,2017,1,Wednesday,1
3360,9000.0,SG,SGD,2016-11-23,2016-12-14,theater,plays,21,2016,11,Wednesday,1
3361,5000.0,US,USD,2014-08-15,2014-09-01,theater,plays,17,2014,8,Friday,1
3362,500.0,US,USD,2015-02-21,2015-03-07,theater,plays,14,2015,2,Saturday,1
3363,7750.0,US,USD,2014-07-31,2014-08-19,theater,plays,19,2014,7,Thursday,1
3364,3000.0,GB,GBP,2016-02-22,2016-03-15,theater,plays,22,2016,2,Monday,1
3365,2500.0,US,USD,2015-11-13,2015-12-13,theater,plays,30,2015,11,Friday,1
3366,500.0,US,USD,2015-04-13,2015-05-13,theater,plays,30,2015,4,Monday,1
3367,750.0,GB,GBP,2015-07-07,2015-08-01,theater,plays,25,2015,7,Tuesday,1
3368,1000.0,US,USD,2014-11-26,2015-01-01,theater,plays,36,2014,11,Wednesday,1
3369,5000.0,IE,EUR,2016-11-16,2017-01-15,theater,plays,60,2016,11,Wednesday,1
3370,1500.0,US,USD,2016-11-16,2016-12-17,theater,plays,31,2016,11,Wednesday,1
3371,200.0,US,USD,2015-11-04,2015-12-02,theater,plays,28,2015,11,Wednesday,1
3372,1000.0,US,USD,2014-08-04,2014-08-25,theater,plays,21,2014,8,Monday,1
3373,2000.0,GB,GBP,2015-06-24,2015-07-18,theater,plays,24,2015,6,Wednesday,1
3374,3500.0,CA,CAD,2015-09-28,2015-10-28,theater,plays,30,2015,9,Monday,1
3375,3000.0,GB,GBP,2014-05-06,2014-05-18,theater,plays,12,2014,5,Tuesday,1
3376,8000.0,US,USD,2015-02-24,2015-04-25,theater,plays,60,2015,2,Tuesday,1
3377,8000.0,GB,GBP,2015-02-18,2015-03-20,theater,plays,30,2015,2,Wednesday,1
3378,550.0,GB,GBP,2014-08-07,2014-08-31,theater,plays,24,2014,8,Thursday,1
3379,2000.0,GB,GBP,2015-08-09,2015-08-26,theater,plays,17,2015,8,Sunday,1
3380,3000.0,US,USD,2014-10-25,2014-11-29,theater,plays,35,2014,10,Saturday,1
3381,4000.0,US,USD,2015-02-09,2015-03-11,theater,plays,30,2015,2,Monday,1
3382,3500.0,GB,GBP,2016-07-08,2016-08-01,theater,plays,24,2016,7,Friday,1
3383,1750.0,US,USD,2016-06-03,2016-06-23,theater,plays,20,2016,6,Friday,1
3384,6000.0,US,USD,2015-10-15,2015-11-21,theater,plays,37,2015,10,Thursday,1
3385,2000.0,US,USD,2014-11-10,2014-12-10,theater,plays,30,2014,11,Monday,1
3386,2000.0,US,USD,2014-11-03,2014-12-03,theater,plays,30,2014,11,Monday,1
3387,3000.0,US,USD,2014-11-04,2014-12-14,theater,plays,40,2014,11,Tuesday,1
3388,1500.0,GB,GBP,2015-05-19,2015-06-18,theater,plays,30,2015,5,Tuesday,1
3389,10000.0,US,USD,2016-05-04,2016-06-03,theater,plays,30,2016,5,Wednesday,1
3390,1500.0,US,USD,2014-06-25,2014-07-10,theater,plays,15,2014,6,Wednesday,1
3391,500.0,US,USD,2014-07-10,2014-08-08,theater,plays,29,2014,7,Thursday,1
3392,500.0,GB,GBP,2016-03-17,2016-05-06,theater,plays,50,2016,3,Thursday,1
3393,1500.0,US,USD,2014-10-11,2014-11-06,theater,plays,26,2014,10,Saturday,1
3394,550.0,GB,GBP,2014-06-27,2014-07-27,theater,plays,30,2014,6,Friday,1
3395,500.0,GB,GBP,2015-05-16,2015-05-30,theater,plays,14,2015,5,Saturday,1
3396,1500.0,US,USD,2014-05-05,2014-06-01,theater,plays,27,2014,5,Monday,1
3397,250.0,GB,GBP,2016-01-09,2016-02-18,theater,plays,40,2016,1,Saturday,1
3398,4000.0,US,USD,2014-10-29,2014-11-21,theater,plays,23,2014,10,Wednesday,1
3399,1200.0,GB,GBP,2015-01-22,2015-02-21,theater,plays,30,2015,1,Thursday,1
3400,10000.0,US,USD,2014-07-14,2014-08-28,theater,plays,45,2014,7,Monday,1
3401,2900.0,GB,GBP,2015-07-08,2015-08-07,theater,plays,30,2015,7,Wednesday,1
3402,15000.0,US,USD,2015-10-13,2015-11-12,theater,plays,30,2015,10,Tuesday,1
3403,2000.0,GB,GBP,2015-05-26,2015-06-25,theater,plays,30,2015,5,Tuesday,1
3404,500.0,US,USD,2015-05-28,2015-06-17,theater,plays,20,2015,5,Thursday,1
3405,350.0,GB,GBP,2016-02-10,2016-03-01,theater,plays,20,2016,2,Wednesday,1
3406,10000.0,US,USD,2014-06-01,2014-07-16,theater,plays,45,2014,6,Sunday,1
3407,2000.0,GB,GBP,2014-06-06,2014-07-06,theater,plays,30,2014,6,Friday,1
3408,500.0,US,USD,2014-06-18,2014-07-18,theater,plays,30,2014,6,Wednesday,1
3409,500.0,GB,GBP,2016-06-23,2016-07-31,theater,plays,38,2016,6,Thursday,1
3410,3000.0,US,USD,2016-05-10,2016-06-06,theater,plays,27,2016,5,Tuesday,1
3411,15000.0,US,USD,2015-09-18,2015-10-08,theater,plays,20,2015,9,Friday,1
3412,3000.0,GB,GBP,2014-08-28,2014-09-27,theater,plays,30,2014,8,Thursday,1
3413,500.0,US,USD,2015-02-18,2015-02-28,theater,plays,10,2015,2,Wednesday,1
3414,3000.0,US,USD,2016-11-01,2016-12-01,theater,plays,30,2016,11,Tuesday,1
3415,200.0,US,USD,2016-04-07,2016-04-17,theater,plays,10,2016,4,Thursday,1
3416,4000.0,GB,GBP,2015-03-26,2015-04-23,theater,plays,28,2015,3,Thursday,1
3417,1700.0,US,USD,2014-09-12,2014-10-26,theater,plays,44,2014,9,Friday,1
3418,4000.0,US,USD,2014-04-23,2014-05-23,theater,plays,30,2014,4,Wednesday,1
3419,2750.0,IE,EUR,2016-03-19,2016-04-06,theater,plays,18,2016,3,Saturday,1
3420,700.0,GB,GBP,2016-02-05,2016-02-14,theater,plays,9,2016,2,Friday,1
3421,10000.0,US,USD,2015-02-02,2015-03-04,theater,plays,30,2015,2,Monday,1
3422,3000.0,GB,GBP,2015-11-15,2015-12-14,theater,plays,29,2015,11,Sunday,1
3423,250.0,US,USD,2015-03-25,2015-04-24,theater,plays,30,2015,3,Wednesday,1
3424,6000.0,US,USD,2015-01-14,2015-02-05,theater,plays,22,2015,1,Wednesday,1
3425,30000.0,US,USD,2014-09-02,2014-10-04,theater,plays,32,2014,9,Tuesday,1
3426,3750.0,US,USD,2014-09-02,2014-09-21,theater,plays,19,2014,9,Tuesday,1
3427,1500.0,GB,GBP,2014-06-02,2014-07-02,theater,plays,30,2014,6,Monday,1
3428,2000.0,GB,GBP,2015-02-03,2015-02-28,theater,plays,25,2015,2,Tuesday,1
3429,150.0,GB,GBP,2016-10-19,2016-11-02,theater,plays,14,2016,10,Wednesday,1
3430,2000.0,GB,GBP,2014-06-30,2014-07-30,theater,plays,30,2014,6,Monday,1
3431,2000.0,US,USD,2014-07-19,2014-08-18,theater,plays,30,2014,7,Saturday,1
3432,2000.0,US,USD,2016-01-11,2016-02-05,theater,plays,25,2016,1,Monday,1
3433,9500.0,US,USD,2014-05-17,2014-06-17,theater,plays,31,2014,5,Saturday,1
3434,10000.0,US,USD,2014-06-10,2014-07-10,theater,plays,30,2014,6,Tuesday,1
3435,1000.0,US,USD,2016-07-21,2016-08-07,theater,plays,17,2016,7,Thursday,1
3436,5000.0,US,USD,2014-07-31,2014-08-21,theater,plays,21,2014,7,Thursday,1
3437,3000.0,US,USD,2015-07-20,2015-08-19,theater,plays,30,2015,7,Monday,1
3438,2500.0,GB,GBP,2015-04-06,2015-05-02,theater,plays,26,2015,4,Monday,1
3439,1200.0,US,USD,2016-01-05,2016-01-19,theater,plays,14,2016,1,Tuesday,1
3440,5000.0,US,USD,2014-06-19,2014-07-11,theater,plays,22,2014,6,Thursday,1
3441,2500.0,US,USD,2015-10-17,2015-11-13,theater,plays,27,2015,10,Saturday,1
3442,250.0,US,USD,2015-04-30,2015-05-30,theater,plays,30,2015,4,Thursday,1
3443,1000.0,US,USD,2014-08-10,2014-09-09,theater,plays,30,2014,8,Sunday,1
3444,300.0,AU,AUD,2016-05-31,2016-06-08,theater,plays,8,2016,5,Tuesday,1
3445,2000.0,GB,GBP,2015-09-25,2015-10-23,theater,plays,28,2015,9,Friday,1
3446,1000.0,GB,GBP,2015-01-12,2015-02-05,theater,plays,24,2015,1,Monday,1
3447,1000.0,US,USD,2016-02-02,2016-03-18,theater,plays,45,2016,2,Tuesday,1
3448,2100.0,US,USD,2014-11-17,2014-12-17,theater,plays,30,2014,11,Monday,1
3449,800.0,US,USD,2016-06-11,2016-07-09,theater,plays,28,2016,6,Saturday,1
3450,500.0,GB,GBP,2015-02-01,2015-04-02,theater,plays,60,2015,2,Sunday,1
3451,650.0,US,USD,2015-03-25,2015-04-21,theater,plays,27,2015,3,Wednesday,1
3452,1000.0,US,USD,2014-06-30,2014-07-23,theater,plays,23,2014,6,Monday,1
3453,300.0,GB,GBP,2016-06-14,2016-08-13,theater,plays,60,2016,6,Tuesday,1
3454,700.0,GB,GBP,2014-07-01,2014-07-31,theater,plays,30,2014,7,Tuesday,1
3455,10000.0,US,USD,2016-09-13,2016-10-13,theater,plays,30,2016,9,Tuesday,1
3456,3000.0,US,USD,2014-07-01,2014-08-01,theater,plays,31,2014,7,Tuesday,1
3457,2000.0,US,USD,2015-01-12,2015-02-12,theater,plays,31,2015,1,Monday,1
3458,978.0,US,USD,2015-01-07,2015-02-03,theater,plays,27,2015,1,Wednesday,1
3459,500.0,GB,GBP,2016-04-20,2016-05-20,theater,plays,30,2016,4,Wednesday,1
3460,500.0,GB,GBP,2014-08-01,2014-08-15,theater,plays,14,2014,8,Friday,1
3461,500.0,US,USD,2016-09-30,2016-10-29,theater,plays,29,2016,9,Friday,1
3462,250.0,US,USD,2015-06-24,2015-07-10,theater,plays,16,2015,6,Wednesday,1
3463,10000.0,CA,CAD,2016-08-30,2016-10-11,theater,plays,42,2016,8,Tuesday,1
3464,5000.0,US,USD,2016-07-24,2016-08-23,theater,plays,30,2016,7,Sunday,1
3465,2000.0,GB,GBP,2015-07-15,2015-08-09,theater,plays,25,2015,7,Wednesday,1
3466,3500.0,US,USD,2016-02-20,2016-04-19,theater,plays,59,2016,2,Saturday,1
3467,3000.0,US,USD,2015-02-18,2015-03-20,theater,plays,30,2015,2,Wednesday,1
3468,10000.0,US,USD,2016-08-23,2016-09-21,theater,plays,29,2016,8,Tuesday,1
3469,2800.0,US,USD,2016-03-29,2016-04-28,theater,plays,30,2016,3,Tuesday,1
3470,250.0,US,USD,2016-06-08,2016-07-15,theater,plays,37,2016,6,Wednesday,1
3471,500.0,GB,GBP,2014-07-21,2014-08-31,theater,plays,41,2014,7,Monday,1
3472,2000.0,US,USD,2014-10-16,2014-11-06,theater,plays,21,2014,10,Thursday,1
3473,4900.0,US,USD,2015-02-27,2015-03-20,theater,plays,21,2015,2,Friday,1
3474,2000.0,GB,GBP,2016-06-20,2016-07-20,theater,plays,30,2016,6,Monday,1
3475,300.0,GB,GBP,2014-10-06,2014-11-03,theater,plays,28,2014,10,Monday,1
3476,300.0,US,USD,2014-10-09,2014-10-27,theater,plays,18,2014,10,Thursday,1
3477,1800.0,US,USD,2015-05-04,2015-05-17,theater,plays,13,2015,5,Monday,1
3478,2000.0,US,USD,2015-02-18,2015-03-16,theater,plays,26,2015,2,Wednesday,1
3479,1500.0,GB,GBP,2014-05-22,2014-06-21,theater,plays,30,2014,5,Thursday,1
3480,1500.0,US,USD,2015-06-16,2015-07-10,theater,plays,24,2015,6,Tuesday,1
3481,10000.0,AU,AUD,2014-12-16,2015-01-02,theater,plays,17,2014,12,Tuesday,1
3482,3000.0,GB,GBP,2014-06-06,2014-07-06,theater,plays,30,2014,6,Friday,1
3483,3350.0,US,USD,2014-06-03,2014-07-03,theater,plays,30,2014,6,Tuesday,1
3484,2500.0,US,USD,2016-05-16,2016-06-15,theater,plays,30,2016,5,Monday,1
3485,1650.0,US,USD,2016-01-03,2016-02-02,theater,plays,30,2016,1,Sunday,1
3486,3000.0,US,USD,2015-05-02,2015-06-03,theater,plays,32,2015,5,Saturday,1
3487,2000.0,GB,GBP,2015-05-25,2015-06-24,theater,plays,30,2015,5,Monday,1
3488,3000.0,US,USD,2015-03-24,2015-04-17,theater,plays,24,2015,3,Tuesday,1
3489,5000.0,GB,GBP,2014-04-24,2014-05-24,theater,plays,30,2014,4,Thursday,1
3490,1000.0,US,USD,2016-03-14,2016-04-13,theater,plays,30,2016,3,Monday,1
3491,500.0,US,USD,2015-04-27,2015-05-18,theater,plays,21,2015,4,Monday,1
3492,3800.0,US,USD,2015-09-21,2015-10-26,theater,plays,35,2015,9,Monday,1
3493,1500.0,US,USD,2014-07-28,2014-08-17,theater,plays,20,2014,7,Monday,1
3494,400.0,US,USD,2016-11-15,2016-11-26,theater,plays,11,2016,11,Tuesday,1
3495,5000.0,CA,CAD,2014-10-03,2014-11-01,theater,plays,29,2014,10,Friday,1
3496,3000.0,US,USD,2016-08-02,2016-09-11,theater,plays,40,2016,8,Tuesday,1
3497,1551.0,US,USD,2016-05-21,2016-06-02,theater,plays,12,2016,5,Saturday,1
3498,1650.0,CA,CAD,2016-03-30,2016-05-28,theater,plays,59,2016,3,Wednesday,1
3499,2000.0,US,USD,2015-05-08,2015-07-01,theater,plays,54,2015,5,Friday,1
3500,1000.0,US,USD,2016-02-19,2016-03-07,theater,plays,17,2016,2,Friday,1
3501,1500.0,GB,GBP,2015-08-17,2015-09-11,theater,plays,25,2015,8,Monday,1
3502,4000.0,US,USD,2016-03-01,2016-03-16,theater,plays,15,2016,3,Tuesday,1
3503,2500.0,GB,GBP,2016-06-24,2016-07-24,theater,plays,30,2016,6,Friday,1
3504,1000.0,US,USD,2015-10-20,2015-11-19,theater,plays,30,2015,10,Tuesday,1
3505,2500.0,US,USD,2014-05-01,2014-05-13,theater,plays,12,2014,5,Thursday,1
3506,3000.0,US,USD,2014-07-09,2014-08-23,theater,plays,45,2014,7,Wednesday,1
3507,10000.0,US,USD,2016-05-01,2016-05-31,theater,plays,30,2016,5,Sunday,1
3508,100.0,GB,GBP,2016-04-17,2016-05-10,theater,plays,23,2016,4,Sunday,1
3509,3000.0,US,USD,2014-11-07,2014-11-21,theater,plays,14,2014,11,Friday,1
3510,900.0,US,USD,2014-06-12,2014-07-02,theater,plays,20,2014,6,Thursday,1
3511,1500.0,GB,GBP,2014-10-15,2014-11-07,theater,plays,23,2014,10,Wednesday,1
3512,1000.0,GB,GBP,2015-02-22,2015-04-23,theater,plays,60,2015,2,Sunday,1
3513,2800.0,US,USD,2014-05-22,2014-06-04,theater,plays,13,2014,5,Thursday,1
3514,500.0,US,USD,2015-01-16,2015-02-02,theater,plays,17,2015,1,Friday,1
3515,3000.0,US,USD,2015-05-01,2015-05-31,theater,plays,30,2015,5,Friday,1
3516,2500.0,US,USD,2014-08-05,2014-09-08,theater,plays,34,2014,8,Tuesday,1
3517,4000.0,GB,GBP,2014-06-04,2014-07-04,theater,plays,30,2014,6,Wednesday,1
3518,1500.0,US,USD,2014-09-11,2014-10-02,theater,plays,21,2014,9,Thursday,1
3519,2000.0,GB,GBP,2015-02-02,2015-03-04,theater,plays,30,2015,2,Monday,1
3520,2000.0,GB,GBP,2015-08-11,2015-09-06,theater,plays,26,2015,8,Tuesday,1
3521,350.0,US,USD,2014-08-30,2014-09-29,theater,plays,30,2014,8,Saturday,1
3522,1395.0,GB,GBP,2015-08-18,2015-09-15,theater,plays,28,2015,8,Tuesday,1
3523,4000.0,GB,GBP,2016-07-30,2016-09-25,theater,plays,57,2016,7,Saturday,1
3524,10000.0,US,USD,2014-08-29,2014-09-13,theater,plays,15,2014,8,Friday,1
3525,500.0,US,USD,2015-07-29,2015-08-09,theater,plays,11,2015,7,Wednesday,1
3526,3300.0,US,USD,2016-03-31,2016-04-28,theater,plays,28,2016,3,Thursday,1
3527,6000.0,US,USD,2015-06-12,2015-07-11,theater,plays,29,2015,6,Friday,1
3528,1650.0,GB,GBP,2016-12-29,2017-01-18,theater,plays,20,2016,12,Thursday,1
3529,500.0,US,USD,2015-06-22,2015-07-13,theater,plays,21,2015,6,Monday,1
3530,2750.0,GB,GBP,2016-03-13,2016-04-10,theater,plays,28,2016,3,Sunday,1
3531,1000.0,US,USD,2016-05-31,2016-06-30,theater,plays,30,2016,5,Tuesday,1
3532,960.0,US,USD,2014-09-02,2014-09-18,theater,plays,16,2014,9,Tuesday,1
3533,500.0,US,USD,2015-10-12,2015-11-11,theater,plays,30,2015,10,Monday,1
3534,5000.0,US,USD,2015-08-27,2015-10-01,theater,plays,35,2015,8,Thursday,1
3535,2000.0,GB,GBP,2015-09-01,2015-10-02,theater,plays,31,2015,9,Tuesday,1
3536,150.0,GB,GBP,2015-11-20,2015-12-20,theater,plays,30,2015,11,Friday,1
3537,675.0,CA,CAD,2014-10-11,2014-11-17,theater,plays,37,2014,10,Saturday,1
3538,2000.0,GB,GBP,2016-07-20,2016-08-17,theater,plays,28,2016,7,Wednesday,1
3539,600.0,US,USD,2016-08-18,2016-09-08,theater,plays,21,2016,8,Thursday,1
3540,300.0,GB,GBP,2016-05-27,2016-06-26,theater,plays,30,2016,5,Friday,1
3541,1200.0,GB,GBP,2015-08-06,2015-08-31,theater,plays,25,2015,8,Thursday,1
3542,5500.0,US,USD,2014-07-09,2014-09-07,theater,plays,60,2014,7,Wednesday,1
3543,1500.0,DE,EUR,2015-05-26,2015-06-25,theater,plays,30,2015,5,Tuesday,1
3544,2500.0,US,USD,2015-02-05,2015-03-07,theater,plays,30,2015,2,Thursday,1
3545,250.0,US,USD,2015-03-12,2015-04-11,theater,plays,30,2015,3,Thursday,1
3546,1100.0,US,USD,2015-03-10,2015-04-01,theater,plays,22,2015,3,Tuesday,1
3547,35000.0,US,USD,2016-04-20,2016-05-14,theater,plays,24,2016,4,Wednesday,1
3548,2100.0,US,USD,2016-02-11,2016-03-05,theater,plays,23,2016,2,Thursday,1
3549,1000.0,GB,GBP,2015-08-07,2015-09-04,theater,plays,28,2015,8,Friday,1
3550,2500.0,GB,GBP,2016-04-02,2016-05-02,theater,plays,30,2016,4,Saturday,1
3551,1500.0,US,USD,2014-04-24,2014-05-22,theater,plays,28,2014,4,Thursday,1
3552,773.0,GB,GBP,2014-05-29,2014-06-28,theater,plays,30,2014,5,Thursday,1
3553,5500.0,US,USD,2015-07-11,2015-08-12,theater,plays,32,2015,7,Saturday,1
3554,5000.0,US,USD,2015-01-12,2015-02-11,theater,plays,30,2015,1,Monday,1
3555,2400.0,IT,EUR,2016-10-18,2016-11-17,theater,plays,30,2016,10,Tuesday,1
3556,2200.0,GB,GBP,2014-06-18,2014-08-17,theater,plays,60,2014,6,Wednesday,1
3557,100000.0,US,USD,2014-04-01,2014-05-05,theater,plays,34,2014,4,Tuesday,1
3558,350.0,GB,GBP,2015-05-15,2015-06-26,theater,plays,42,2015,5,Friday,1
3559,1000.0,AU,AUD,2015-07-09,2015-07-31,theater,plays,22,2015,7,Thursday,1
3560,3200.0,CA,CAD,2015-04-21,2015-05-27,theater,plays,36,2015,4,Tuesday,1
3561,2500.0,US,USD,2015-07-18,2015-08-05,theater,plays,18,2015,7,Saturday,1
3562,315.0,GB,GBP,2016-03-04,2016-03-13,theater,plays,9,2016,3,Friday,1
3563,500.0,GB,GBP,2016-07-04,2016-08-01,theater,plays,28,2016,7,Monday,1
3564,1000.0,GB,GBP,2015-08-20,2015-10-05,theater,plays,46,2015,8,Thursday,1
3565,900.0,US,USD,2014-12-01,2014-12-31,theater,plays,30,2014,12,Monday,1
3566,2000.0,GB,GBP,2014-12-24,2015-01-23,theater,plays,30,2014,12,Wednesday,1
3567,1000.0,GB,GBP,2015-05-11,2015-06-10,theater,plays,30,2015,5,Monday,1
3568,1000.0,US,USD,2014-08-18,2014-09-17,theater,plays,30,2014,8,Monday,1
3569,5000.0,US,USD,2014-12-09,2015-01-08,theater,plays,30,2014,12,Tuesday,1
3570,2000.0,US,USD,2014-12-03,2014-12-31,theater,plays,28,2014,12,Wednesday,1
3571,1500.0,GB,GBP,2014-09-30,2014-10-30,theater,plays,30,2014,9,Tuesday,1
3572,500.0,GB,GBP,2015-05-22,2015-06-21,theater,plays,30,2015,5,Friday,1
3573,3000.0,GB,GBP,2014-10-09,2014-11-08,theater,plays,30,2014,10,Thursday,1
3574,5800.0,US,USD,2014-10-14,2014-11-13,theater,plays,30,2014,10,Tuesday,1
3575,10000.0,US,USD,2016-07-10,2016-08-11,theater,plays,32,2016,7,Sunday,1
3576,100.0,US,USD,2016-10-06,2016-12-05,theater,plays,60,2016,10,Thursday,1
3577,600.0,US,USD,2015-03-30,2015-04-26,theater,plays,27,2015,3,Monday,1
3578,1500.0,GB,GBP,2016-03-31,2016-04-30,theater,plays,30,2016,3,Thursday,1
3579,500.0,GB,GBP,2016-03-01,2016-03-31,theater,plays,30,2016,3,Tuesday,1
3580,900.0,US,USD,2015-01-22,2015-03-01,theater,plays,38,2015,1,Thursday,1
3581,1500.0,GB,GBP,2014-07-16,2014-07-30,theater,plays,14,2014,7,Wednesday,1
3582,1000.0,US,USD,2016-03-22,2016-04-05,theater,plays,14,2016,3,Tuesday,1
3583,3000.0,US,USD,2016-02-18,2016-04-18,theater,plays,60,2016,2,Thursday,1
3584,3000.0,GB,GBP,2015-06-13,2015-07-13,theater,plays,30,2015,6,Saturday,1
3585,3400.0,US,USD,2014-11-21,2014-12-21,theater,plays,30,2014,11,Friday,1
3586,7500.0,US,USD,2016-07-25,2016-09-23,theater,plays,60,2016,7,Monday,1
3587,500.0,GB,GBP,2016-05-13,2016-06-27,theater,plays,45,2016,5,Friday,1
3588,200.0,GB,GBP,2015-04-07,2015-04-29,theater,plays,22,2015,4,Tuesday,1
3589,4000.0,US,USD,2015-05-01,2015-05-26,theater,plays,25,2015,5,Friday,1
3590,5000.0,GB,GBP,2014-09-20,2014-10-20,theater,plays,30,2014,9,Saturday,1
3591,700.0,US,USD,2014-12-30,2015-01-24,theater,plays,25,2014,12,Tuesday,1
3592,2000.0,US,USD,2014-12-15,2015-02-11,theater,plays,58,2014,12,Monday,1
3593,3000.0,US,USD,2014-12-01,2015-01-05,theater,plays,35,2014,12,Monday,1
3594,1600.0,US,USD,2016-08-10,2016-09-04,theater,plays,25,2016,8,Wednesday,1
3595,2600.0,US,USD,2015-02-15,2015-03-13,theater,plays,26,2015,2,Sunday,1
3596,1100.0,CA,CAD,2014-08-05,2014-08-26,theater,plays,21,2014,8,Tuesday,1
3597,2500.0,US,USD,2016-02-17,2016-03-03,theater,plays,15,2016,2,Wednesday,1
3598,1000.0,US,USD,2014-08-15,2014-09-03,theater,plays,19,2014,8,Friday,1
3599,500.0,US,USD,2015-08-04,2015-08-30,theater,plays,26,2015,8,Tuesday,1
3600,10.0,US,USD,2016-09-15,2016-10-13,theater,plays,28,2016,9,Thursday,1
3601,2000.0,GB,GBP,2014-12-17,2015-01-16,theater,plays,30,2014,12,Wednesday,1
3602,4000.0,US,USD,2016-03-18,2016-05-17,theater,plays,60,2016,3,Friday,1
3603,1500.0,US,USD,2015-10-06,2015-11-05,theater,plays,30,2015,10,Tuesday,1
3604,3000.0,US,USD,2016-04-23,2016-04-29,theater,plays,6,2016,4,Saturday,1
3605,250.0,GB,GBP,2016-01-14,2016-02-13,theater,plays,30,2016,1,Thursday,1
3606,3000.0,GB,GBP,2016-07-15,2016-08-14,theater,plays,30,2016,7,Friday,1
3607,550.0,GB,GBP,2015-11-30,2015-12-15,theater,plays,15,2015,11,Monday,1
3608,800.0,GB,GBP,2016-05-16,2016-06-17,theater,plays,32,2016,5,Monday,1
3609,1960.0,GB,GBP,2016-02-29,2016-03-30,theater,plays,30,2016,2,Monday,1
3610,1000.0,GB,GBP,2015-07-18,2015-08-17,theater,plays,30,2015,7,Saturday,1
3611,2500.0,GB,GBP,2015-03-09,2015-04-08,theater,plays,30,2015,3,Monday,1
3612,5000.0,CA,CAD,2014-05-30,2014-06-09,theater,plays,10,2014,5,Friday,1
3613,1250.0,US,USD,2014-05-29,2014-06-28,theater,plays,30,2014,5,Thursday,1
3614,2500.0,US,USD,2015-05-20,2015-06-19,theater,plays,30,2015,5,Wednesday,1
3615,2500.0,GB,GBP,2015-11-10,2015-12-10,theater,plays,30,2015,11,Tuesday,1
3616,2500.0,GB,GBP,2015-02-17,2015-03-19,theater,plays,30,2015,2,Tuesday,1
3617,740.0,GB,GBP,2017-02-13,2017-02-28,theater,plays,15,2017,2,Monday,1
3618,2000.0,GB,GBP,2015-05-04,2015-06-03,theater,plays,30,2015,5,Monday,1
3619,1000.0,US,USD,2016-10-18,2016-11-19,theater,plays,32,2016,10,Tuesday,1
3620,10500.0,US,USD,2015-02-02,2015-03-05,theater,plays,31,2015,2,Monday,1
3621,3000.0,US,USD,2016-09-06,2016-09-30,theater,plays,24,2016,9,Tuesday,1
3622,1000.0,US,USD,2014-08-26,2014-09-28,theater,plays,33,2014,8,Tuesday,1
3623,2500.0,US,USD,2014-07-08,2014-07-26,theater,plays,18,2014,7,Tuesday,1
3624,3000.0,US,USD,2016-06-24,2016-08-23,theater,plays,60,2016,6,Friday,1
3625,3000.0,GB,GBP,2015-06-02,2015-07-02,theater,plays,30,2015,6,Tuesday,1
3626,4000.0,GB,GBP,2014-07-26,2014-08-16,theater,plays,21,2014,7,Saturday,1
3627,2000.0,US,USD,2016-03-31,2016-05-21,theater,plays,51,2016,3,Thursday,1
3628,100000.0,US,USD,2015-10-14,2015-12-13,theater,musical,60,2015,10,Wednesday,0
3629,1000000.0,US,USD,2016-03-08,2016-05-05,theater,musical,58,2016,3,Tuesday,0
3630,3000.0,GB,GBP,2014-10-30,2014-11-29,theater,musical,30,2014,10,Thursday,0
3631,17100.0,US,USD,2014-08-29,2014-09-23,theater,musical,25,2014,8,Friday,0
3632,500.0,GB,GBP,2014-11-03,2014-11-23,theater,musical,20,2014,11,Monday,0
3633,5000.0,US,USD,2016-10-06,2016-11-19,theater,musical,44,2016,10,Thursday,0
3634,75000.0,CA,CAD,2016-11-27,2017-01-14,theater,musical,48,2016,11,Sunday,0
3635,3500.0,US,USD,2016-03-21,2016-04-20,theater,musical,30,2016,3,Monday,0
3636,150000.0,US,USD,2015-08-10,2015-09-14,theater,musical,35,2015,8,Monday,0
3637,3000.0,US,USD,2014-12-02,2015-01-01,theater,musical,30,2014,12,Tuesday,0
3638,3300.0,CA,CAD,2015-02-18,2015-04-19,theater,musical,60,2015,2,Wednesday,0
3639,25000.0,US,USD,2016-08-08,2016-10-07,theater,musical,60,2016,8,Monday,0
3640,1000.0,US,USD,2015-04-10,2015-05-10,theater,musical,30,2015,4,Friday,0
3641,3000.0,US,USD,2014-09-17,2014-10-05,theater,musical,18,2014,9,Wednesday,0
3642,700.0,DE,EUR,2015-10-20,2015-11-30,theater,musical,41,2015,10,Tuesday,0
3643,25000.0,US,USD,2015-10-08,2015-11-17,theater,musical,40,2015,10,Thursday,0
3644,5000.0,US,USD,2016-02-09,2016-03-08,theater,musical,28,2016,2,Tuesday,0
3645,1000.0,CA,CAD,2016-10-22,2016-11-22,theater,musical,31,2016,10,Saturday,0
3646,10000.0,US,USD,2015-05-16,2015-06-16,theater,musical,31,2015,5,Saturday,0
3647,500.0,GB,GBP,2016-08-16,2016-09-30,theater,musical,45,2016,8,Tuesday,0
3648,40000.0,US,USD,2014-09-05,2014-10-05,theater,plays,30,2014,9,Friday,1
3649,750.0,CA,CAD,2014-05-21,2014-06-16,theater,plays,26,2014,5,Wednesday,1
3650,500.0,GB,GBP,2016-01-12,2016-02-02,theater,plays,21,2016,1,Tuesday,1
3651,500.0,US,USD,2014-07-08,2014-08-10,theater,plays,33,2014,7,Tuesday,1
3652,300.0,CA,CAD,2016-08-14,2016-08-25,theater,plays,11,2016,8,Sunday,1
3653,2000.0,GB,GBP,2015-07-06,2015-08-05,theater,plays,30,2015,7,Monday,1
3654,1500.0,GB,GBP,2016-03-11,2016-04-03,theater,plays,23,2016,3,Friday,1
3655,5000.0,US,USD,2015-06-18,2015-07-18,theater,plays,30,2015,6,Thursday,1
3656,5000.0,CH,CHF,2017-01-02,2017-02-01,theater,plays,30,2017,1,Monday,1
3657,2000.0,DK,DKK,2016-05-09,2016-06-01,theater,plays,23,2016,5,Monday,1
3658,1500.0,US,USD,2014-05-16,2014-07-02,theater,plays,47,2014,5,Friday,1
3659,3000.0,US,USD,2015-02-20,2015-03-19,theater,plays,27,2015,2,Friday,1
3660,250.0,GB,GBP,2014-11-28,2014-12-23,theater,plays,25,2014,11,Friday,1
3661,3000.0,US,USD,2016-03-18,2016-04-10,theater,plays,23,2016,3,Friday,1
3662,8000.0,CA,CAD,2015-03-01,2015-03-31,theater,plays,30,2015,3,Sunday,1
3663,225.0,GB,GBP,2016-10-22,2016-12-21,theater,plays,60,2016,10,Saturday,1
3664,800.0,US,USD,2016-06-02,2016-06-16,theater,plays,14,2016,6,Thursday,1
3665,620.0,FR,EUR,2015-10-17,2015-10-28,theater,plays,11,2015,10,Saturday,1
3666,1200.0,US,USD,2014-07-02,2014-07-24,theater,plays,22,2014,7,Wednesday,1
3667,3000.0,GB,GBP,2015-06-18,2015-07-18,theater,plays,30,2015,6,Thursday,1
3668,1000.0,US,USD,2015-06-30,2015-07-23,theater,plays,23,2015,6,Tuesday,1
3669,1000.0,GB,GBP,2015-05-12,2015-06-11,theater,plays,30,2015,5,Tuesday,1
3670,220.0,GB,GBP,2015-05-18,2015-05-31,theater,plays,13,2015,5,Monday,1
3671,3500.0,US,USD,2014-06-30,2014-07-21,theater,plays,21,2014,6,Monday,1
3672,3000.0,GB,GBP,2014-08-27,2014-09-26,theater,plays,30,2014,8,Wednesday,1
3673,4000.0,GB,GBP,2014-10-02,2014-11-05,theater,plays,34,2014,10,Thursday,1
3674,4500.0,DE,EUR,2016-07-05,2016-09-03,theater,plays,60,2016,7,Tuesday,1
3675,50.0,GB,GBP,2016-05-03,2016-05-15,theater,plays,12,2016,5,Tuesday,1
3676,800.0,US,USD,2014-08-25,2014-09-12,theater,plays,18,2014,8,Monday,1
3677,12000.0,US,USD,2014-06-12,2014-07-03,theater,plays,21,2014,6,Thursday,1
3678,2000.0,GB,GBP,2015-04-26,2015-05-31,theater,plays,35,2015,4,Sunday,1
3679,2000.0,US,USD,2014-05-27,2014-07-01,theater,plays,35,2014,5,Tuesday,1
3680,3000.0,US,USD,2016-09-14,2016-10-05,theater,plays,21,2016,9,Wednesday,1
3681,1000.0,US,USD,2016-01-05,2016-01-15,theater,plays,10,2016,1,Tuesday,1
3682,3000.0,US,USD,2014-05-13,2014-06-16,theater,plays,34,2014,5,Tuesday,1
3683,3500.0,US,USD,2016-09-20,2016-10-20,theater,plays,30,2016,9,Tuesday,1
3684,750.0,US,USD,2015-08-03,2015-09-02,theater,plays,30,2015,8,Monday,1
3685,5000.0,US,USD,2014-04-24,2014-05-19,theater,plays,25,2014,4,Thursday,1
3686,350.0,US,USD,2015-08-14,2015-08-29,theater,plays,15,2015,8,Friday,1
3687,5000.0,US,USD,2014-05-28,2014-06-27,theater,plays,30,2014,5,Wednesday,1
3688,3000.0,GB,GBP,2014-07-09,2014-08-08,theater,plays,30,2014,7,Wednesday,1
3689,3000.0,US,USD,2015-05-23,2015-06-21,theater,plays,29,2015,5,Saturday,1
3690,1500.0,US,USD,2014-10-28,2014-11-27,theater,plays,30,2014,10,Tuesday,1
3691,40000.0,US,USD,2015-01-16,2015-03-02,theater,plays,45,2015,1,Friday,1
3692,1000.0,US,USD,2014-09-09,2014-09-19,theater,plays,10,2014,9,Tuesday,1
3693,333.0,GB,GBP,2015-11-01,2015-11-30,theater,plays,29,2015,11,Sunday,1
3694,3500.0,US,USD,2016-04-30,2016-06-06,theater,plays,37,2016,4,Saturday,1
3695,4000.0,US,USD,2014-12-22,2015-01-11,theater,plays,20,2014,12,Monday,1
3696,2000.0,GB,GBP,2014-12-15,2015-02-13,theater,plays,60,2014,12,Monday,1
3697,2000.0,GB,GBP,2016-04-19,2016-05-10,theater,plays,21,2016,4,Tuesday,1
3698,5000.0,US,USD,2016-02-01,2016-03-02,theater,plays,30,2016,2,Monday,1
3699,2500.0,US,USD,2014-09-15,2014-10-15,theater,plays,30,2014,9,Monday,1
3700,500.0,US,USD,2014-08-31,2014-09-30,theater,plays,30,2014,8,Sunday,1
3701,1500.0,GB,GBP,2015-05-05,2015-06-04,theater,plays,30,2015,5,Tuesday,1
3702,3000.0,GB,GBP,2016-06-03,2016-07-10,theater,plays,37,2016,6,Friday,1
3703,1050.0,US,USD,2016-07-05,2016-08-13,theater,plays,39,2016,7,Tuesday,1
3704,300.0,GB,GBP,2016-04-01,2016-05-31,theater,plays,60,2016,4,Friday,1
3705,2827.0,US,USD,2014-06-02,2014-06-23,theater,plays,21,2014,6,Monday,1
3706,1500.0,US,USD,2014-08-28,2014-09-12,theater,plays,15,2014,8,Thursday,1
3707,1000.0,US,USD,2016-07-01,2016-07-22,theater,plays,21,2016,7,Friday,1
3708,700.0,US,USD,2014-06-20,2014-07-04,theater,plays,14,2014,6,Friday,1
3709,1000.0,GB,GBP,2014-05-26,2014-06-25,theater,plays,30,2014,5,Monday,1
3710,1300.0,US,USD,2015-03-09,2015-04-03,theater,plays,25,2015,3,Monday,1
3711,500.0,US,USD,2014-05-20,2014-06-15,theater,plays,26,2014,5,Tuesday,1
3712,7500.0,US,USD,2015-05-10,2015-05-31,theater,plays,21,2015,5,Sunday,1
3713,2000.0,US,USD,2016-05-15,2016-06-04,theater,plays,20,2016,5,Sunday,1
3714,10000.0,US,USD,2015-04-24,2015-05-26,theater,plays,32,2015,4,Friday,1
3715,3500.0,GB,GBP,2015-02-01,2015-03-31,theater,plays,58,2015,2,Sunday,1
3716,800.0,US,USD,2015-12-22,2016-01-21,theater,plays,30,2015,12,Tuesday,1
3717,4000.0,GB,GBP,2015-04-08,2015-05-09,theater,plays,31,2015,4,Wednesday,1
3718,500.0,GB,GBP,2015-01-28,2015-02-27,theater,plays,30,2015,1,Wednesday,1
3719,200.0,GB,GBP,2015-05-23,2015-06-22,theater,plays,30,2015,5,Saturday,1
3720,3300.0,US,USD,2015-06-10,2015-07-02,theater,plays,22,2015,6,Wednesday,1
3721,5000.0,US,USD,2014-10-15,2014-11-05,theater,plays,21,2014,10,Wednesday,1
3722,1500.0,CA,CAD,2016-01-12,2016-02-11,theater,plays,30,2016,1,Tuesday,1
3723,4500.0,GB,GBP,2014-10-31,2014-11-30,theater,plays,30,2014,10,Friday,1
3724,4300.0,GB,GBP,2016-04-05,2016-05-04,theater,plays,29,2016,4,Tuesday,1
3725,300.0,GB,GBP,2016-02-01,2016-02-18,theater,plays,17,2016,2,Monday,1
3726,850.0,US,USD,2016-04-02,2016-04-29,theater,plays,27,2016,4,Saturday,1
3727,2000.0,US,USD,2016-09-19,2016-10-20,theater,plays,31,2016,9,Monday,1
3728,20000.0,US,USD,2015-07-20,2015-08-19,theater,plays,30,2015,7,Monday,0
3729,5000.0,US,USD,2015-02-06,2015-03-23,theater,plays,45,2015,2,Friday,0
3730,1000.0,US,USD,2015-07-18,2015-08-17,theater,plays,30,2015,7,Saturday,0
3731,5500.0,US,USD,2014-12-10,2015-01-10,theater,plays,31,2014,12,Wednesday,0
3732,850.0,NL,EUR,2014-11-25,2015-01-24,theater,plays,60,2014,11,Tuesday,0
3733,1500.0,US,USD,2015-04-09,2015-04-18,theater,plays,9,2015,4,Thursday,0
3734,1500.0,US,USD,2015-03-26,2015-05-25,theater,plays,60,2015,3,Thursday,0
3735,150.0,GB,GBP,2015-04-28,2015-05-28,theater,plays,30,2015,4,Tuesday,0
3736,1500.0,GB,GBP,2015-02-13,2015-03-23,theater,plays,38,2015,2,Friday,0
3737,700.0,US,USD,2015-10-20,2015-11-12,theater,plays,23,2015,10,Tuesday,0
3738,1500.0,GB,GBP,2014-06-23,2014-07-15,theater,plays,22,2014,6,Monday,0
3739,4000.0,GB,GBP,2016-06-27,2016-07-17,theater,plays,20,2016,6,Monday,0
3740,2000.0,US,USD,2014-07-13,2014-08-12,theater,plays,30,2014,7,Sunday,0
3741,20000.0,US,USD,2015-11-17,2015-12-17,theater,plays,30,2015,11,Tuesday,0
3742,5000.0,US,USD,2014-08-07,2014-09-06,theater,plays,30,2014,8,Thursday,0
3743,2200.0,US,USD,2014-06-03,2014-07-03,theater,plays,30,2014,6,Tuesday,0
3744,1200.0,US,USD,2014-06-03,2014-07-05,theater,plays,32,2014,6,Tuesday,0
3745,100.0,US,USD,2014-07-11,2014-08-10,theater,plays,30,2014,7,Friday,0
3746,8500.0,US,USD,2016-09-08,2016-10-08,theater,plays,30,2016,9,Thursday,0
3747,2500.0,GB,GBP,2015-06-09,2015-07-05,theater,plays,26,2015,6,Tuesday,0
3748,5000.0,US,USD,2016-01-26,2016-02-16,theater,musical,21,2016,1,Tuesday,1
3749,500.0,US,USD,2016-03-29,2016-04-29,theater,musical,31,2016,3,Tuesday,1
3750,6000.0,US,USD,2015-01-12,2015-02-10,theater,musical,29,2015,1,Monday,1
3751,1000.0,US,USD,2016-02-03,2016-04-02,theater,musical,59,2016,2,Wednesday,1
3752,500.0,GB,GBP,2016-09-06,2016-10-16,theater,musical,40,2016,9,Tuesday,1
3753,5000.0,US,USD,2015-05-04,2015-06-03,theater,musical,30,2015,5,Monday,1
3754,2500.0,US,USD,2014-06-18,2014-07-26,theater,musical,38,2014,6,Wednesday,1
3755,550.0,GB,GBP,2016-03-16,2016-04-15,theater,musical,30,2016,3,Wednesday,1
3756,4500.0,US,USD,2014-05-12,2014-06-11,theater,musical,30,2014,5,Monday,1
3757,3500.0,US,USD,2014-11-11,2014-12-01,theater,musical,20,2014,11,Tuesday,1
3758,1500.0,US,USD,2014-04-18,2014-05-19,theater,musical,31,2014,4,Friday,1
3759,4000.0,US,USD,2015-06-27,2015-08-26,theater,musical,60,2015,6,Saturday,1
3760,5000.0,US,USD,2014-04-10,2014-05-05,theater,musical,25,2014,4,Thursday,1
3761,500.0,GB,GBP,2015-06-18,2015-08-10,theater,musical,53,2015,6,Thursday,1
3762,1250.0,GB,GBP,2015-07-08,2015-08-02,theater,musical,25,2015,7,Wednesday,1
3763,5000.0,US,USD,2015-03-02,2015-04-01,theater,musical,30,2015,3,Monday,1
3764,1500.0,US,USD,2016-05-09,2016-05-29,theater,musical,20,2016,5,Monday,1
3765,7000.0,US,USD,2014-06-30,2014-07-30,theater,musical,30,2014,6,Monday,1
3766,10000.0,US,USD,2014-05-29,2014-07-03,theater,musical,35,2014,5,Thursday,1
3767,2000.0,US,USD,2015-02-15,2015-03-01,theater,musical,14,2015,2,Sunday,1
3768,4000.0,US,USD,2014-05-13,2014-06-12,theater,musical,30,2014,5,Tuesday,1
3769,1100.0,US,USD,2016-03-16,2016-04-15,theater,musical,30,2016,3,Wednesday,1
3770,2000.0,GB,GBP,2015-05-14,2015-06-13,theater,musical,30,2015,5,Thursday,1
3771,1000.0,US,USD,2016-05-03,2016-05-18,theater,musical,15,2016,5,Tuesday,1
3772,5000.0,US,USD,2016-11-08,2016-11-29,theater,musical,21,2016,11,Tuesday,1
3773,5000.0,US,USD,2016-10-13,2016-11-15,theater,musical,33,2016,10,Thursday,1
3774,2500.0,CA,CAD,2015-03-24,2015-04-09,theater,musical,16,2015,3,Tuesday,1
3775,2000.0,US,USD,2015-03-12,2015-04-09,theater,musical,28,2015,3,Thursday,1
3776,8000.0,US,USD,2014-06-24,2014-08-01,theater,musical,38,2014,6,Tuesday,1
3777,2000.0,US,USD,2014-09-05,2014-09-27,theater,musical,22,2014,9,Friday,1
3778,2400.0,US,USD,2014-12-16,2015-02-14,theater,musical,60,2014,12,Tuesday,1
3779,15000.0,US,USD,2016-02-25,2016-03-26,theater,musical,30,2016,2,Thursday,1
3780,2500.0,US,USD,2015-06-11,2015-07-13,theater,musical,32,2015,6,Thursday,1
3781,4500.0,US,USD,2014-08-14,2014-09-08,theater,musical,25,2014,8,Thursday,1
3782,2000.0,GB,GBP,2016-06-25,2016-07-24,theater,musical,29,2016,6,Saturday,1
3783,1200.0,US,USD,2016-02-20,2016-03-15,theater,musical,24,2016,2,Saturday,1
3784,1000.0,CA,CAD,2016-06-10,2016-07-10,theater,musical,30,2016,6,Friday,1
3785,2000.0,GB,GBP,2016-06-27,2016-08-02,theater,musical,36,2016,6,Monday,1
3786,6000.0,US,USD,2016-04-27,2016-05-27,theater,musical,30,2016,4,Wednesday,1
3787,350.0,US,USD,2015-06-12,2015-07-11,theater,musical,29,2015,6,Friday,1
3788,75000.0,US,USD,2015-11-25,2015-12-23,theater,musical,28,2015,11,Wednesday,0
3789,3550.0,GB,GBP,2015-05-14,2015-06-15,theater,musical,32,2015,5,Thursday,0
3790,15000.0,US,USD,2016-10-23,2016-11-22,theater,musical,30,2016,10,Sunday,0
3791,1500.0,US,USD,2014-05-07,2014-07-06,theater,musical,60,2014,5,Wednesday,0
3792,12500.0,US,USD,2015-06-15,2015-07-15,theater,musical,30,2015,6,Monday,0
3793,7000.0,US,USD,2014-11-25,2014-12-16,theater,musical,21,2014,11,Tuesday,0
3794,5000.0,GB,GBP,2015-05-08,2015-06-07,theater,musical,30,2015,5,Friday,0
3795,600.0,GB,GBP,2015-07-16,2015-08-28,theater,musical,43,2015,7,Thursday,0
3796,22500.0,US,USD,2016-11-15,2017-01-14,theater,musical,60,2016,11,Tuesday,0
3797,6000.0,US,USD,2015-03-21,2015-04-20,theater,musical,30,2015,3,Saturday,0
3798,70000.0,US,USD,2014-07-11,2014-08-10,theater,musical,30,2014,7,Friday,0
3799,10000.0,US,USD,2016-02-10,2016-03-11,theater,musical,30,2016,2,Wednesday,0
3800,22000.0,US,USD,2014-12-09,2015-01-11,theater,musical,33,2014,12,Tuesday,0
3801,5000.0,US,USD,2014-12-02,2015-01-02,theater,musical,31,2014,12,Tuesday,0
3802,3000.0,US,USD,2015-09-22,2015-10-22,theater,musical,30,2015,9,Tuesday,0
3803,12000.0,US,USD,2016-02-03,2016-03-04,theater,musical,30,2016,2,Wednesday,0
3804,8000.0,US,USD,2016-06-06,2016-07-31,theater,musical,55,2016,6,Monday,0
3805,150000.0,US,USD,2014-07-29,2014-09-27,theater,musical,60,2014,7,Tuesday,0
3806,7500.0,AU,AUD,2014-06-09,2014-06-29,theater,musical,20,2014,6,Monday,0
3807,1500.0,US,USD,2015-03-27,2015-04-03,theater,musical,7,2015,3,Friday,0
3808,1000.0,GB,GBP,2015-02-24,2015-04-25,theater,plays,60,2015,2,Tuesday,1
3809,2000.0,GB,GBP,2014-06-10,2014-07-30,theater,plays,50,2014,6,Tuesday,1
3810,1500.0,US,USD,2015-02-19,2015-03-21,theater,plays,30,2015,2,Thursday,1
3811,250.0,GB,GBP,2016-04-27,2016-05-31,theater,plays,34,2016,4,Wednesday,1
3812,2000.0,CA,CAD,2015-04-15,2015-06-01,theater,plays,47,2015,4,Wednesday,1
3813,2100.0,US,USD,2016-05-07,2016-06-14,theater,plays,38,2016,5,Saturday,1
3814,1500.0,US,USD,2015-02-23,2015-04-01,theater,plays,37,2015,2,Monday,1
3815,1000.0,GB,GBP,2015-07-22,2015-08-20,theater,plays,29,2015,7,Wednesday,1
3816,1500.0,US,USD,2014-06-17,2014-07-17,theater,plays,30,2014,6,Tuesday,1
3817,2000.0,US,USD,2015-10-07,2015-10-24,theater,plays,17,2015,10,Wednesday,1
3818,250.0,US,USD,2015-02-10,2015-03-12,theater,plays,30,2015,2,Tuesday,1
3819,1000.0,US,USD,2015-06-29,2015-07-17,theater,plays,18,2015,6,Monday,1
3820,300.0,GB,GBP,2015-06-05,2015-07-05,theater,plays,30,2015,6,Friday,1
3821,3500.0,US,USD,2015-12-03,2016-01-04,theater,plays,32,2015,12,Thursday,1
3822,5000.0,DE,EUR,2015-11-21,2016-01-19,theater,plays,59,2015,11,Saturday,1
3823,2500.0,US,USD,2015-06-15,2015-07-20,theater,plays,35,2015,6,Monday,1
3824,250.0,GB,GBP,2016-07-20,2016-08-01,theater,plays,12,2016,7,Wednesday,1
3825,5000.0,US,USD,2015-05-27,2015-06-17,theater,plays,21,2015,5,Wednesday,1
3826,600.0,GB,GBP,2015-04-07,2015-05-07,theater,plays,30,2015,4,Tuesday,1
3827,3000.0,GB,GBP,2015-01-30,2015-03-27,theater,plays,56,2015,1,Friday,1
3828,5000.0,US,USD,2014-11-01,2014-12-31,theater,plays,60,2014,11,Saturday,1
3829,500.0,US,USD,2016-08-11,2016-08-31,theater,plays,20,2016,8,Thursday,1
3830,100.0,US,USD,2016-05-13,2016-05-27,theater,plays,14,2016,5,Friday,1
3831,500.0,US,USD,2014-10-15,2014-11-05,theater,plays,21,2014,10,Wednesday,1
3832,1200.0,US,USD,2016-01-06,2016-02-20,theater,plays,45,2016,1,Wednesday,1
3833,1200.0,CA,CAD,2014-11-20,2014-12-01,theater,plays,11,2014,11,Thursday,1
3834,3000.0,GB,GBP,2015-05-19,2015-06-18,theater,plays,30,2015,5,Tuesday,1
3835,200.0,GB,GBP,2016-03-31,2016-04-21,theater,plays,21,2016,3,Thursday,1
3836,800.0,US,USD,2016-07-02,2016-08-03,theater,plays,32,2016,7,Saturday,1
3837,2000.0,GB,GBP,2015-05-28,2015-07-03,theater,plays,36,2015,5,Thursday,1
3838,100000.0,SE,SEK,2015-04-22,2015-05-22,theater,plays,30,2015,4,Wednesday,1
3839,2000.0,US,USD,2015-05-31,2015-07-30,theater,plays,60,2015,5,Sunday,1
3840,1.0,GB,GBP,2016-03-03,2016-03-28,theater,plays,25,2016,3,Thursday,1
3841,10000.0,US,USD,2014-05-21,2014-07-20,theater,plays,60,2014,5,Wednesday,0
3842,5000.0,GB,GBP,2014-04-11,2014-05-11,theater,plays,30,2014,4,Friday,0
3843,5000.0,US,USD,2014-05-07,2014-06-01,theater,plays,25,2014,5,Wednesday,0
3844,9800.0,US,USD,2014-05-07,2014-06-03,theater,plays,27,2014,5,Wednesday,0
3845,40000.0,US,USD,2015-09-01,2015-10-01,theater,plays,30,2015,9,Tuesday,0
3846,7000.0,US,USD,2014-09-03,2014-10-04,theater,plays,31,2014,9,Wednesday,0
3847,10500.0,US,USD,2015-06-04,2015-07-19,theater,plays,45,2015,6,Thursday,0
3848,13000.0,US,USD,2015-09-18,2015-10-18,theater,plays,30,2015,9,Friday,0
3849,30000.0,DE,EUR,2015-05-12,2015-06-11,theater,plays,30,2015,5,Tuesday,0
3850,1000.0,US,USD,2014-12-02,2015-01-01,theater,plays,30,2014,12,Tuesday,0
3851,2500.0,GB,GBP,2015-06-17,2015-07-17,theater,plays,30,2015,6,Wednesday,0
3852,10000.0,US,USD,2015-03-02,2015-03-27,theater,plays,25,2015,3,Monday,0
3853,100000.0,US,USD,2014-07-28,2014-09-01,theater,plays,35,2014,7,Monday,0
3854,11000.0,US,USD,2015-04-09,2015-05-09,theater,plays,30,2015,4,Thursday,0
3855,1000.0,US,USD,2015-02-24,2015-03-26,theater,plays,30,2015,2,Tuesday,0
3856,5000.0,US,USD,2015-02-06,2015-03-08,theater,plays,30,2015,2,Friday,0
3857,5000.0,US,USD,2014-07-09,2014-08-01,theater,plays,23,2014,7,Wednesday,0
3858,500.0,GB,GBP,2015-05-04,2015-05-22,theater,plays,18,2015,5,Monday,0
3859,2500.0,US,USD,2014-05-30,2014-06-25,theater,plays,26,2014,5,Friday,0
3860,6000.0,US,USD,2014-07-13,2014-08-12,theater,plays,30,2014,7,Sunday,0
3861,2000.0,US,USD,2014-10-02,2014-11-12,theater,plays,41,2014,10,Thursday,0
3862,7500.0,US,USD,2016-08-29,2016-09-12,theater,plays,14,2016,8,Monday,0
3863,6000.0,US,USD,2015-09-06,2015-11-05,theater,plays,60,2015,9,Sunday,0
3864,5000.0,US,USD,2015-10-18,2015-11-17,theater,plays,30,2015,10,Sunday,0
3865,2413.0,CA,CAD,2014-07-21,2014-08-30,theater,plays,40,2014,7,Monday,0
3866,2000.0,US,USD,2016-02-02,2016-03-23,theater,plays,50,2016,2,Tuesday,0
3867,2000.0,US,USD,2016-05-19,2016-06-18,theater,plays,30,2016,5,Thursday,0
3888,2000.0,GB,GBP,2017-01-27,2017-02-26,theater,plays,30,2017,1,Friday,0
3889,8000.0,US,USD,2014-12-04,2015-01-04,theater,plays,31,2014,12,Thursday,0
3890,15000.0,US,USD,2015-06-16,2015-08-15,theater,plays,60,2015,6,Tuesday,0
3891,800.0,US,USD,2015-02-21,2015-03-23,theater,plays,30,2015,2,Saturday,0
3892,1000.0,US,USD,2014-08-16,2014-08-24,theater,plays,8,2014,8,Saturday,0
3893,50000.0,US,USD,2014-05-20,2014-07-01,theater,plays,42,2014,5,Tuesday,0
3894,15000.0,US,USD,2016-11-05,2016-12-06,theater,plays,31,2016,11,Saturday,0
3895,1000.0,US,USD,2015-01-28,2015-02-28,theater,plays,31,2015,1,Wednesday,0
3896,1600.0,US,USD,2014-06-03,2014-06-17,theater,plays,14,2014,6,Tuesday,0
3897,2500.0,NZ,NZD,2014-12-09,2015-01-08,theater,plays,30,2014,12,Tuesday,0
3898,2500.0,GB,GBP,2015-07-08,2015-08-17,theater,plays,40,2015,7,Wednesday,0
3899,10000.0,US,USD,2014-07-23,2014-08-12,theater,plays,20,2014,7,Wednesday,0
3900,2500.0,US,USD,2015-05-12,2015-06-11,theater,plays,30,2015,5,Tuesday,0
3901,3000.0,US,USD,2015-11-09,2015-12-19,theater,plays,40,2015,11,Monday,0
3902,3000.0,GB,GBP,2016-10-20,2016-11-14,theater,plays,25,2016,10,Thursday,0
3903,1500.0,US,USD,2015-07-01,2015-08-14,theater,plays,44,2015,7,Wednesday,0
3904,10000.0,US,USD,2015-04-01,2015-04-15,theater,plays,14,2015,4,Wednesday,0
3905,1500.0,GB,GBP,2015-04-30,2015-06-11,theater,plays,42,2015,4,Thursday,0
3906,1500.0,GB,GBP,2015-05-19,2015-06-26,theater,plays,38,2015,5,Tuesday,0
3907,1000.0,US,USD,2014-09-24,2014-10-26,theater,plays,32,2014,9,Wednesday,0
3908,750.0,US,USD,2014-07-14,2014-07-29,theater,plays,15,2014,7,Monday,0
3909,60000.0,US,USD,2014-08-12,2014-09-11,theater,plays,30,2014,8,Tuesday,0
3910,6000.0,US,USD,2015-08-08,2015-09-07,theater,plays,30,2015,8,Saturday,0
3911,8000.0,US,USD,2014-10-27,2014-11-26,theater,plays,30,2014,10,Monday,0
3912,15000.0,US,USD,2015-02-24,2015-04-25,theater,plays,60,2015,2,Tuesday,0
3913,10000.0,US,USD,2015-10-31,2015-11-30,theater,plays,30,2015,10,Saturday,0
3914,2500.0,GB,GBP,2015-04-20,2015-05-10,theater,plays,20,2015,4,Monday,0
3915,1500.0,GB,GBP,2016-05-02,2016-06-01,theater,plays,30,2016,5,Monday,0
3916,2000.0,DK,DKK,2016-05-04,2016-06-03,theater,plays,30,2016,5,Wednesday,0
3917,3500.0,GB,GBP,2014-08-12,2014-09-11,theater,plays,30,2014,8,Tuesday,0
3918,60000.0,GB,GBP,2014-07-23,2014-08-04,theater,plays,12,2014,7,Wednesday,0
3919,5000.0,GB,GBP,2015-12-20,2016-01-18,theater,plays,29,2015,12,Sunday,0
3920,2500.0,GB,GBP,2016-10-14,2016-11-13,theater,plays,30,2016,10,Friday,0
3921,3000.0,GB,GBP,2014-10-14,2014-10-26,theater,plays,12,2014,10,Tuesday,0
3922,750.0,US,USD,2015-01-16,2015-03-02,theater,plays,45,2015,1,Friday,0
3923,11500.0,GB,GBP,2015-03-12,2015-04-09,theater,plays,28,2015,3,Thursday,0
3924,15000.0,US,USD,2014-05-27,2014-06-26,theater,plays,30,2014,5,Tuesday,0
3925,150.0,US,USD,2014-06-30,2014-07-30,theater,plays,30,2014,6,Monday,0
3926,5000.0,AU,AUD,2014-11-27,2014-12-27,theater,plays,30,2014,11,Thursday,0
3927,2500.0,GB,GBP,2014-07-10,2014-08-09,theater,plays,30,2014,7,Thursday,0
3928,5000.0,US,USD,2015-09-18,2015-10-16,theater,plays,28,2015,9,Friday,0
3929,20000.0,US,USD,2016-08-19,2016-09-18,theater,plays,30,2016,8,Friday,0
3930,10000.0,AU,AUD,2016-03-04,2016-04-01,theater,plays,28,2016,3,Friday,0
3931,8000.0,US,USD,2015-08-12,2015-09-06,theater,plays,25,2015,8,Wednesday,0
3932,12000.0,US,USD,2016-02-15,2016-03-16,theater,plays,30,2016,2,Monday,0
3933,7000.0,US,USD,2016-06-17,2016-07-17,theater,plays,30,2016,6,Friday,0
3934,5000.0,US,USD,2015-08-17,2015-10-01,theater,plays,45,2015,8,Monday,0
3935,3000.0,GB,GBP,2015-08-05,2015-10-04,theater,plays,60,2015,8,Wednesday,0
3936,20000.0,US,USD,2016-11-01,2016-12-01,theater,plays,30,2016,11,Tuesday,0
3937,2885.0,US,USD,2016-06-13,2016-07-11,theater,plays,28,2016,6,Monday,0
3938,3255.0,US,USD,2015-05-27,2015-06-27,theater,plays,31,2015,5,Wednesday,0
3939,5000.0,AU,AUD,2014-10-03,2014-10-07,theater,plays,4,2014,10,Friday,0
3940,5000.0,US,USD,2014-11-18,2015-01-02,theater,plays,45,2014,11,Tuesday,0
3941,5500.0,US,USD,2014-10-28,2014-11-25,theater,plays,28,2014,10,Tuesday,0
3942,1200.0,US,USD,2015-04-17,2015-06-16,theater,plays,60,2015,4,Friday,0
3943,5000.0,US,USD,2015-10-02,2015-11-02,theater,plays,31,2015,10,Friday,0
3944,5000.0,US,USD,2015-07-28,2015-08-27,theater,plays,30,2015,7,Tuesday,0
3945,2000.0,US,USD,2015-04-15,2015-05-15,theater,plays,30,2015,4,Wednesday,0
3946,6000.0,US,USD,2015-01-27,2015-02-28,theater,plays,32,2015,1,Tuesday,0
3947,3000.0,US,USD,2016-09-02,2016-10-02,theater,plays,30,2016,9,Friday,0
3948,30000.0,AU,AUD,2014-07-09,2014-09-07,theater,plays,60,2014,7,Wednesday,0
3949,10000.0,AU,AUD,2015-01-12,2015-02-11,theater,plays,30,2015,1,Monday,0
3950,4000.0,US,USD,2016-03-10,2016-04-08,theater,plays,29,2016,3,Thursday,0
3951,200000.0,IE,EUR,2016-03-04,2016-05-03,theater,plays,60,2016,3,Friday,0
3952,26000.0,US,USD,2015-08-27,2015-10-26,theater,plays,60,2015,8,Thursday,0
3953,17600.0,US,USD,2016-06-29,2016-07-29,theater,plays,30,2016,6,Wednesday,0
3954,25000.0,CA,CAD,2014-05-15,2014-07-14,theater,plays,60,2014,5,Thursday,0
3955,1750.0,US,USD,2015-10-29,2015-11-28,theater,plays,30,2015,10,Thursday,0
3956,5500.0,US,USD,2016-03-28,2016-04-25,theater,plays,28,2016,3,Monday,0
3957,28000.0,US,USD,2016-05-23,2016-07-08,theater,plays,46,2016,5,Monday,0
3958,2000.0,US,USD,2014-06-26,2014-08-02,theater,plays,37,2014,6,Thursday,0
3959,1200.0,US,USD,2014-08-29,2014-09-28,theater,plays,30,2014,8,Friday,0
3960,3000.0,US,USD,2015-12-04,2016-01-03,theater,plays,30,2015,12,Friday,0
3961,5000.0,GB,GBP,2014-04-16,2014-05-08,theater,plays,22,2014,4,Wednesday,0
3962,1400.0,GB,GBP,2015-11-03,2015-11-28,theater,plays,25,2015,11,Tuesday,0
3963,10000.0,CA,CAD,2015-10-19,2015-11-18,theater,plays,30,2015,10,Monday,0
3964,2000.0,US,USD,2015-02-18,2015-04-19,theater,plays,60,2015,2,Wednesday,0
3965,2000.0,US,USD,2016-02-14,2016-04-14,theater,plays,60,2016,2,Sunday,0
3966,7500.0,US,USD,2014-06-11,2014-07-24,theater,plays,43,2014,6,Wednesday,0
3967,1700.0,US,USD,2017-02-04,2017-03-06,theater,plays,30,2017,2,Saturday,0
3968,5000.0,US,USD,2016-03-23,2016-05-22,theater,plays,60,2016,3,Wednesday,0
3969,2825.0,US,USD,2016-08-19,2016-08-29,theater,plays,10,2016,8,Friday,0
3970,15000.0,US,USD,2016-03-18,2016-04-17,theater,plays,30,2016,3,Friday,0
3971,14000.0,US,USD,2014-06-21,2014-07-21,theater,plays,30,2014,6,Saturday,0
3972,1000.0,US,USD,2014-12-08,2015-02-06,theater,plays,60,2014,12,Monday,0
3973,5000.0,US,USD,2016-04-09,2016-05-09,theater,plays,30,2016,4,Saturday,0
3974,1000.0,GB,GBP,2016-05-03,2016-06-02,theater,plays,30,2016,5,Tuesday,0
3975,678.0,US,USD,2016-06-13,2016-07-13,theater,plays,30,2016,6,Monday,0
3976,1300.0,US,USD,2014-07-10,2014-08-01,theater,plays,22,2014,7,Thursday,0
3977,90000.0,US,USD,2016-06-22,2016-07-22,theater,plays,30,2016,6,Wednesday,0
3978,2000.0,US,USD,2014-12-02,2015-01-31,theater,plays,60,2014,12,Tuesday,0
3979,6000.0,GB,GBP,2015-03-06,2015-03-29,theater,plays,23,2015,3,Friday,0
3980,2500.0,US,USD,2014-06-05,2014-07-05,theater,plays,30,2014,6,Thursday,0
3981,30000.0,US,USD,2016-05-18,2016-07-17,theater,plays,60,2016,5,Wednesday,0
3982,850.0,GB,GBP,2015-05-08,2015-07-07,theater,plays,60,2015,5,Friday,0
3983,11140.0,US,USD,2014-04-18,2014-05-20,theater,plays,32,2014,4,Friday,0
3984,1500.0,GB,GBP,2014-10-08,2014-11-08,theater,plays,31,2014,10,Wednesday,0
3985,2000.0,US,USD,2016-01-30,2016-02-20,theater,plays,21,2016,1,Saturday,0
3986,5000.0,GB,GBP,2016-04-07,2016-05-06,theater,plays,29,2016,4,Thursday,0
3987,400.0,GB,GBP,2014-05-06,2014-05-16,theater,plays,10,2014,5,Tuesday,0
3988,1500.0,US,USD,2015-08-14,2015-08-29,theater,plays,15,2015,8,Friday,0
3989,3000.0,US,USD,2015-10-09,2015-11-08,theater,plays,30,2015,10,Friday,0
3990,1650.0,GB,GBP,2016-02-01,2016-03-02,theater,plays,30,2016,2,Monday,0
3991,500.0,US,USD,2015-05-01,2015-05-31,theater,plays,30,2015,5,Friday,0
3992,10000.0,US,USD,2015-10-12,2015-12-11,theater,plays,60,2015,10,Monday,0
3993,50000.0,US,USD,2015-04-13,2015-05-13,theater,plays,30,2015,4,Monday,0
3994,2000.0,US,USD,2014-06-19,2014-07-19,theater,plays,30,2014,6,Thursday,0
3995,200.0,GB,GBP,2015-01-15,2015-02-14,theater,plays,30,2015,1,Thursday,0
3996,3000.0,US,USD,2014-11-07,2014-11-20,theater,plays,13,2014,11,Friday,0
3997,3000.0,GB,GBP,2015-03-06,2015-04-05,theater,plays,30,2015,3,Friday,0
3998,1250.0,US,USD,2015-02-26,2015-03-28,theater,plays,30,2015,2,Thursday,0
3999,7000.0,US,USD,2014-07-22,2014-08-31,theater,plays,40,2014,7,Tuesday,0
4000,8000.0,US,USD,2016-03-08,2016-05-07,theater,plays,60,2016,3,Tuesday,0
4001,1200.0,GB,GBP,2017-02-09,2017-03-01,theater,plays,20,2017,2,Thursday,0
4002,1250.0,US,USD,2014-08-28,2014-09-27,theater,plays,30,2014,8,Thursday,0
4003,2000.0,US,USD,2015-01-16,2015-02-15,theater,plays,30,2015,1,Friday,0
4004,500.0,US,USD,2014-09-08,2014-10-08,theater,plays,30,2014,9,Monday,0
4005,3000.0,US,USD,2014-08-21,2014-10-20,theater,plays,60,2014,8,Thursday,0
4006,30000.0,US,USD,2016-01-22,2016-02-16,theater,plays,25,2016,1,Friday,0
4007,2000.0,US,USD,2014-07-28,2014-08-26,theater,plays,29,2014,7,Monday,0
4008,1000.0,GB,GBP,2015-06-22,2015-07-22,theater,plays,30,2015,6,Monday,0
4009,1930.0,GB,GBP,2014-07-31,2014-09-09,theater,plays,40,2014,7,Thursday,0
4010,7200.0,US,USD,2014-10-09,2014-10-26,theater,plays,17,2014,10,Thursday,0
4011,250.0,GB,GBP,2014-12-29,2015-01-28,theater,plays,30,2014,12,Monday,0
4012,575.0,GB,GBP,2015-04-02,2015-05-02,theater,plays,30,2015,4,Thursday,0
4013,2000.0,US,USD,2015-01-17,2015-02-16,theater,plays,30,2015,1,Saturday,0
4014,9000.0,US,USD,2016-02-19,2016-03-05,theater,plays,15,2016,2,Friday,0
4015,7000.0,US,USD,2015-06-19,2015-07-19,theater,plays,30,2015,6,Friday,0
4016,500.0,GB,GBP,2014-08-18,2014-09-17,theater,plays,30,2014,8,Monday,0
4017,10000.0,US,USD,2014-08-05,2014-09-04,theater,plays,30,2014,8,Tuesday,0
4018,1500.0,GB,GBP,2016-09-07,2016-10-07,theater,plays,30,2016,9,Wednesday,0
4019,3500.0,US,USD,2016-02-17,2016-04-15,theater,plays,58,2016,2,Wednesday,0
4020,600.0,US,USD,2015-02-22,2015-03-24,theater,plays,30,2015,2,Sunday,0
4021,15000.0,US,USD,2014-08-27,2014-10-26,theater,plays,60,2014,8,Wednesday,0
4022,18000.0,US,USD,2014-12-17,2015-02-01,theater,plays,46,2014,12,Wednesday,0
4023,7000.0,US,USD,2016-02-08,2016-03-24,theater,plays,45,2016,2,Monday,0
4024,800.0,US,USD,2015-08-01,2015-08-31,theater,plays,30,2015,8,Saturday,0
4025,5000.0,FR,EUR,2015-05-27,2015-07-26,theater,plays,60,2015,5,Wednesday,0
4026,4000.0,US,USD,2015-10-05,2015-12-04,theater,plays,60,2015,10,Monday,0
4027,3000.0,US,USD,2017-02-02,2017-02-23,theater,plays,21,2017,2,Thursday,0
4028,2000.0,US,USD,2014-05-06,2014-06-05,theater,plays,30,2014,5,Tuesday,0
4029,20000.0,US,USD,2015-11-14,2015-12-14,theater,plays,30,2015,11,Saturday,0
4030,2500.0,US,USD,2016-01-05,2016-02-03,theater,plays,29,2016,1,Tuesday,0
4031,5000.0,US,USD,2014-10-29,2014-12-18,theater,plays,50,2014,10,Wednesday,0
4032,6048.0,US,USD,2015-10-16,2015-12-15,theater,plays,60,2015,10,Friday,0
4033,23900.0,GB,GBP,2016-09-01,2016-10-02,theater,plays,31,2016,9,Thursday,0
4034,13500.0,US,USD,2015-03-04,2015-04-03,theater,plays,30,2015,3,Wednesday,0
4035,10000.0,US,USD,2014-09-21,2014-10-21,theater,plays,30,2014,9,Sunday,0
4036,6000.0,US,USD,2014-06-14,2014-07-01,theater,plays,17,2014,6,Saturday,0
4037,700.0,US,USD,2016-05-07,2016-05-24,theater,plays,17,2016,5,Saturday,0
4038,2500.0,US,USD,2014-08-18,2014-10-17,theater,plays,60,2014,8,Monday,0
4039,500.0,US,USD,2015-10-28,2015-12-01,theater,plays,34,2015,10,Wednesday,0
4040,8000.0,US,USD,2015-05-20,2015-07-18,theater,plays,59,2015,5,Wednesday,0
4041,5000.0,GB,GBP,2016-07-08,2016-09-06,theater,plays,60,2016,7,Friday,0
4042,10000.0,US,USD,2014-12-22,2015-01-20,theater,plays,29,2014,12,Monday,0
4043,300.0,CA,CAD,2014-11-05,2014-11-20,theater,plays,15,2014,11,Wednesday,0
4044,600.0,US,USD,2015-03-11,2015-04-10,theater,plays,30,2015,3,Wednesday,0
4045,5000.0,AU,AUD,2014-07-22,2014-08-21,theater,plays,30,2014,7,Tuesday,0
4046,5600.0,US,USD,2014-09-22,2014-10-22,theater,plays,30,2014,9,Monday,0
4047,5000.0,US,USD,2014-12-18,2015-01-11,theater,plays,24,2014,12,Thursday,0
4048,17000.0,GB,GBP,2016-03-07,2016-04-11,theater,plays,35,2016,3,Monday,0
4049,20000.0,US,USD,2015-06-14,2015-07-14,theater,plays,30,2015,6,Sunday,0
4050,1500.0,US,USD,2014-09-23,2014-10-23,theater,plays,30,2014,9,Tuesday,0
4051,500.0,US,USD,2014-05-02,2014-05-09,theater,plays,7,2014,5,Friday,0
4052,3000.0,US,USD,2014-08-14,2014-10-13,theater,plays,60,2014,8,Thursday,0
4053,500.0,GB,GBP,2014-10-16,2014-11-15,theater,plays,30,2014,10,Thursday,0
4054,8880.0,US,USD,2016-08-31,2016-10-01,theater,plays,31,2016,8,Wednesday,0
4055,5000.0,GB,GBP,2014-05-20,2014-06-19,theater,plays,30,2014,5,Tuesday,0
4056,1500.0,US,USD,2016-06-13,2016-07-03,theater,plays,20,2016,6,Monday,0
4057,3500.0,GB,GBP,2015-11-02,2015-11-25,theater,plays,23,2015,11,Monday,0
4058,3750.0,US,USD,2016-03-17,2016-04-01,theater,plays,15,2016,3,Thursday,0
4059,10000.0,CA,CAD,2014-08-15,2014-09-16,theater,plays,32,2014,8,Friday,0
4060,10000.0,CA,CAD,2014-05-20,2014-06-23,theater,plays,34,2014,5,Tuesday,0
4061,525.0,US,USD,2016-02-21,2016-04-21,theater,plays,60,2016,2,Sunday,0
4062,20000.0,US,USD,2016-06-02,2016-07-02,theater,plays,30,2016,6,Thursday,0
4063,9500.0,GB,GBP,2014-05-28,2014-06-27,theater,plays,30,2014,5,Wednesday,0
4064,2000.0,AU,AUD,2015-03-30,2015-04-29,theater,plays,30,2015,3,Monday,0
4065,4000.0,US,USD,2014-07-13,2014-08-12,theater,plays,30,2014,7,Sunday,0
4066,15000.0,US,USD,2016-04-19,2016-05-19,theater,plays,30,2016,4,Tuesday,0
4067,5000.0,US,USD,2015-08-19,2015-09-28,theater,plays,40,2015,8,Wednesday,0
4068,3495.0,US,USD,2016-12-14,2017-01-13,theater,plays,30,2016,12,Wednesday,0
4069,1250.0,GB,GBP,2015-01-18,2015-02-28,theater,plays,41,2015,1,Sunday,0
4070,1000.0,US,USD,2015-01-27,2015-03-01,theater,plays,33,2015,1,Tuesday,0
4071,20000.0,MX,MXN,2016-11-26,2016-12-26,theater,plays,30,2016,11,Saturday,0
4072,1000.0,GB,GBP,2014-06-22,2014-08-21,theater,plays,60,2014,6,Sunday,0
4073,3500.0,US,USD,2015-03-15,2015-05-09,theater,plays,55,2015,3,Sunday,0
4074,2750.0,GB,GBP,2015-10-06,2015-11-05,theater,plays,30,2015,10,Tuesday,0
4075,2000.0,GB,GBP,2014-05-20,2014-06-30,theater,plays,41,2014,5,Tuesday,0
4076,700.0,US,USD,2014-09-23,2014-10-21,theater,plays,28,2014,9,Tuesday,0
4077,15000.0,US,USD,2016-11-21,2016-12-21,theater,plays,30,2016,11,Monday,0
4078,250.0,GB,GBP,2016-12-28,2017-01-27,theater,plays,30,2016,12,Wednesday,0
4079,3000.0,US,USD,2016-05-20,2016-06-19,theater,plays,30,2016,5,Friday,0
4080,3000.0,US,USD,2016-05-21,2016-06-14,theater,plays,24,2016,5,Saturday,0
4081,2224.0,US,USD,2015-02-06,2015-03-08,theater,plays,30,2015,2,Friday,0
4082,150.0,US,USD,2015-10-30,2015-11-14,theater,plays,15,2015,10,Friday,0
4083,3500.0,US,USD,2015-12-15,2016-01-14,theater,plays,30,2015,12,Tuesday,0
4084,3000.0,IT,EUR,2016-09-09,2016-10-09,theater,plays,30,2016,9,Friday,0
4085,3500.0,US,USD,2015-02-23,2015-03-24,theater,plays,29,2015,2,Monday,0
4086,1000.0,US,USD,2015-10-27,2015-11-21,theater,plays,25,2015,10,Tuesday,0
4087,9600.0,US,USD,2016-06-17,2016-07-17,theater,plays,30,2016,6,Friday,0
4088,2000.0,GB,GBP,2014-12-17,2015-01-16,theater,plays,30,2014,12,Wednesday,0
4089,5000.0,US,USD,2015-04-28,2015-05-31,theater,plays,33,2015,4,Tuesday,0
4090,1000.0,US,USD,2015-07-24,2015-08-07,theater,plays,14,2015,7,Friday,0
4091,1600.0,US,USD,2014-12-17,2015-01-16,theater,plays,30,2014,12,Wednesday,0
4092,110000.0,US,USD,2015-02-04,2015-04-05,theater,plays,60,2015,2,Wednesday,0
4093,2500.0,GB,GBP,2015-06-23,2015-08-22,theater,plays,60,2015,6,Tuesday,0
4094,2000.0,US,USD,2014-09-08,2014-10-22,theater,plays,44,2014,9,Monday,0
4095,30000.0,MX,MXN,2016-11-19,2016-12-19,theater,plays,30,2016,11,Saturday,0
4096,3500.0,GB,GBP,2017-01-15,2017-02-28,theater,plays,44,2017,1,Sunday,0
4097,10000.0,GB,GBP,2015-12-06,2016-01-31,theater,plays,56,2015,12,Sunday,0
4098,75000.0,US,USD,2016-05-05,2016-06-04,theater,plays,30,2016,5,Thursday,0
4099,4500.0,US,USD,2016-07-19,2016-09-02,theater,plays,45,2016,7,Tuesday,0
4100,270.0,US,USD,2014-10-15,2014-10-25,theater,plays,10,2014,10,Wednesday,0
4101,600.0,US,USD,2016-12-26,2017-01-25,theater,plays,30,2016,12,Monday,0
4102,500.0,US,USD,2016-04-15,2016-05-15,theater,plays,30,2016,4,Friday,0
4103,1000.0,US,USD,2015-07-03,2015-08-26,theater,plays,54,2015,7,Friday,0
4104,3000.0,AU,AUD,2016-09-27,2016-10-27,theater,plays,30,2016,9,Tuesday,0
4105,33000.0,MX,MXN,2016-11-23,2016-12-26,theater,plays,33,2016,11,Wednesday,0
4106,5000.0,US,USD,2015-02-18,2015-04-02,theater,plays,43,2015,2,Wednesday,0
4107,2000.0,US,USD,2014-09-01,2014-09-24,theater,plays,23,2014,9,Monday,0
4108,3000.0,US,USD,2017-02-01,2017-03-03,theater,plays,30,2017,2,Wednesday,0
4109,500.0,GB,GBP,2015-10-30,2015-11-29,theater,plays,30,2015,10,Friday,0
4110,300.0,GB,GBP,2016-05-22,2016-07-21,theater,plays,60,2016,5,Sunday,0
4111,3000.0,US,USD,2015-01-25,2015-02-24,theater,plays,30,2015,1,Sunday,0
4112,2500.0,IE,EUR,2016-01-31,2016-02-28,theater,plays,28,2016,1,Sunday,0
4113,1500.0,US,USD,2015-12-20,2016-01-08,theater,plays,19,2015,12,Sunday,0
